Altitude (m MSL), Pressure (Pascal), Speed (m/s), Heading (degrees), Temperature (C), Relative humidity (%)
170, 101674, 0.45, 130.20, 25.75, 0
174, 101624, 1.15, 345.30, 24.58, 0
174, 101619, 1.00, 333.50, 24.12, 0
175, 101615, 1.10, 315.90, 24.58, 0
175, 101612, 0.45, 334.50, 24.35, 0
175, 101609, 1.50, 202.70, 21.65, 0
176, 101602, 1.40, 205.30, 21.43, 0
176, 101601, 1.05, 201.30, 21.43, 0
176, 101598, 1.15, 198.80, 21.54, 0
176, 101596, 1.10, 198.30, 21.76, 0
177, 101589, 1.20, 194.80, 22.09, 0
177, 101582, 1.35, 187.90, 21.76, 0
178, 101576, 1.25, 189.70, 21.76, 0
180, 101554, 2.00, 293.60, 20.46, 0
182, 101525, 1.75, 17.70, 20.35, 0
185, 101495, 2.50, 350.90, 20.25, 0
187, 101466, 1.50, 4.80, 20.14, 0
189, 101442, 1.15, 316.00, 20.03, 0
191, 101419, 1.35, 0.30, 19.93, 0
193, 101396, 1.30, 38.90, 19.82, 0
195, 101370, 2.40, 45.20, 19.82, 0
197, 101345, 0.85, 293.80, 19.82, 0
199, 101320, 1.85, 26.30, 19.82, 0
201, 101302, 0.55, 38.50, 19.71, 0
202, 101285, 1.40, 10.90, 19.71, 0
203, 101268, 1.35, 3.60, 19.61, 0
206, 101241, 2.30, 32.10, 19.71, 0
208, 101215, 1.25, 328.20, 19.61, 0
210, 101190, 2.15, 51.20, 19.71, 0
213, 101153, 0.95, 333.30, 19.61, 0
216, 101116, 1.60, 30.60, 19.61, 0
219, 101080, 0.90, 34.70, 19.61, 0
221, 101058, 2.50, 51.70, 19.61, 0
223, 101036, 1.40, 78.30, 19.40, 0
225, 101014, 2.20, 57.20, 19.29, 0
227, 100989, 0.95, 40.20, 19.40, 0
229, 100965, 2.25, 43.00, 19.40, 0
230, 100942, 1.10, 23.60, 19.29, 0
232, 100925, 2.40, 52.40, 19.29, 0
233, 100908, 1.65, 17.30, 19.40, 0
235, 100892, 2.85, 54.60, 19.40, 0
237, 100860, 1.60, 58.30, 19.50, 0
240, 100829, 2.35, 70.20, 19.50, 0
242, 100798, 1.10, 41.40, 19.50, 0
244, 100775, 3.00, 71.20, 19.29, 0
246, 100752, 1.60, 7.90, 19.29, 0
248, 100730, 2.00, 75.50, 19.19, 0
250, 100702, 1.05, 46.40, 19.29, 0
253, 100674, 1.30, 109.60, 19.19, 0
255, 100646, 0.65, 131.30, 19.19, 0
257, 100624, 1.45, 24.10, 19.19, 0
259, 100603, 1.60, 358.90, 19.08, 0
260, 100582, 1.20, 47.20, 19.08, 0
263, 100550, 1.30, 321.60, 19.19, 0
266, 100519, 0.80, 86.30, 18.98, 0
268, 100488, 1.70, 340.10, 19.08, 0
269, 100480, 0.95, 350.30, 18.98, 0
270, 100473, 2.40, 355.10, 19.08, 0
270, 100466, 0.70, 25.70, 18.98, 0
272, 100438, 1.55, 350.00, 19.08, 0
275, 100411, 0.85, 340.30, 18.98, 0
277, 100384, 1.90, 347.30, 18.98, 0
278, 100370, 0.40, 38.70, 18.87, 0
279, 100357, 1.05, 156.50, 18.98, 0
280, 100344, 0.80, 73.40, 18.87, 0
283, 100309, 0.35, 25.80, 18.87, 0
286, 100274, 1.45, 32.10, 18.87, 0
289, 100240, 1.20, 333.10, 18.87, 0
290, 100228, 2.50, 37.30, 18.77, 0
291, 100217, 1.40, 338.00, 18.77, 0
292, 100206, 2.55, 35.30, 18.77, 0
293, 100190, 1.65, 308.50, 18.77, 0
294, 100175, 1.90, 23.80, 18.77, 0
296, 100160, 1.40, 303.00, 18.77, 0
297, 100144, 1.80, 29.30, 18.77, 0
298, 100128, 2.25, 331.30, 18.66, 0
300, 100112, 1.50, 13.40, 18.66, 0
301, 100096, 1.60, 325.70, 18.66, 0
302, 100080, 0.60, 326.50, 18.66, 0
304, 100064, 0.55, 126.00, 18.66, 0
308, 100018, 0.95, 351.30, 18.66, 0
309, 99996, 0.75, 45.50, 18.56, 0
311, 99973, 1.35, 325.70, 18.56, 0
313, 99951, 1.15, 347.30, 18.56, 0
315, 99930, 1.85, 325.20, 18.56, 0
316, 99916, 1.25, 330.40, 18.46, 0
317, 99902, 2.05, 317.80, 18.56, 0
318, 99888, 1.55, 324.60, 18.46, 0
320, 99867, 2.40, 329.40, 18.46, 0
322, 99847, 1.25, 35.50, 18.46, 0
324, 99828, 1.65, 359.70, 18.46, 0
325, 99810, 1.20, 13.30, 18.46, 0
326, 99793, 0.90, 22.90, 18.35, 0
328, 99776, 0.75, 39.60, 18.35, 0
329, 99760, 1.65, 57.60, 18.46, 0
330, 99745, 1.00, 49.10, 18.35, 0
332, 99730, 1.00, 3.10, 18.46, 0
334, 99703, 1.50, 343.50, 18.25, 0
336, 99676, 2.00, 9.20, 18.35, 0
338, 99650, 1.85, 358.10, 18.35, 0
340, 99636, 1.80, 357.60, 18.35, 0
341, 99623, 2.05, 359.50, 18.25, 0
342, 99610, 1.50, 13.70, 18.25, 0
344, 99585, 2.10, 3.90, 18.35, 0
346, 99561, 1.40, 50.00, 18.35, 0
348, 99538, 1.45, 1.10, 18.35, 0
350, 99510, 1.25, 40.40, 18.35, 0
353, 99482, 0.90, 50.70, 18.35, 0
355, 99454, 1.20, 23.30, 18.35, 0
356, 99438, 1.65, 357.80, 18.25, 0
358, 99423, 1.75, 10.30, 18.35, 0
359, 99408, 1.90, 356.20, 18.25, 0
360, 99391, 1.65, 344.50, 18.25, 0
362, 99375, 1.25, 13.30, 18.25, 0
363, 99360, 1.90, 340.80, 18.15, 0
365, 99332, 1.80, 26.30, 18.25, 0
367, 99305, 1.35, 317.70, 18.15, 0
370, 99278, 1.95, 0.70, 18.15, 0
372, 99249, 1.40, 335.50, 18.15, 0
375, 99220, 0.90, 358.10, 18.15, 0
377, 99192, 1.35, 355.70, 18.04, 0
379, 99168, 1.10, 350.80, 18.04, 0
381, 99145, 2.10, 353.40, 18.04, 0
383, 99122, 1.35, 3.60, 18.04, 0
385, 99099, 2.65, 8.70, 18.04, 0
387, 99076, 1.60, 350.70, 17.94, 0
389, 99054, 2.15, 17.80, 17.94, 0
389, 99046, 1.35, 328.40, 17.94, 0
390, 99038, 1.50, 13.80, 17.94, 0
391, 99030, 1.45, 343.60, 17.94, 0
392, 99009, 2.15, 50.20, 17.94, 0
394, 98989, 2.40, 315.00, 17.94, 0
396, 98970, 1.40, 329.50, 18.04, 0
398, 98942, 1.75, 337.10, 17.94, 0
400, 98914, 0.55, 359.70, 18.04, 0
403, 98886, 0.30, 52.10, 17.94, 0
405, 98864, 0.80, 6.80, 18.04, 0
406, 98843, 0.85, 28.40, 18.04, 0
408, 98822, 1.15, 346.50, 17.94, 0
413, 98770, 2.20, 344.40, 18.15, 0
414, 98752, 1.80, 327.00, 18.15, 0
416, 98735, 2.30, 18.00, 18.15, 0
417, 98718, 2.05, 338.30, 18.04, 0
419, 98697, 1.95, 3.10, 18.04, 0
421, 98676, 1.30, 351.70, 18.15, 0
422, 98656, 1.85, 338.90, 18.04, 0
424, 98631, 2.60, 11.10, 18.15, 0
427, 98606, 1.70, 323.90, 18.15, 0
429, 98582, 2.00, 350.10, 18.15, 0
431, 98558, 2.35, 333.60, 18.04, 0
433, 98534, 2.75, 351.00, 18.04, 0
435, 98510, 2.20, 339.70, 18.04, 0
440, 98451, 2.50, 15.80, 18.04, 0
442, 98422, 1.60, 355.00, 17.94, 0
443, 98406, 1.65, 28.80, 17.94, 0
445, 98391, 1.70, 352.80, 17.94, 0
446, 98376, 2.85, 8.60, 17.94, 0
448, 98350, 2.40, 44.60, 17.84, 0
450, 98324, 2.65, 13.60, 17.63, 0
453, 98298, 2.30, 4.90, 17.63, 0
454, 98276, 3.00, 20.00, 17.73, 0
456, 98255, 2.60, 7.50, 17.84, 0
458, 98234, 3.30, 2.20, 17.84, 0
460, 98211, 3.05, 356.40, 17.84, 0
462, 98189, 3.25, 19.20, 17.84, 0
464, 98168, 2.70, 6.40, 17.84, 0
465, 98152, 2.95, 24.00, 17.84, 0
466, 98137, 2.15, 31.10, 17.84, 0
468, 98122, 3.90, 32.60, 17.84, 0
469, 98104, 2.05, 353.30, 17.84, 0
471, 98087, 3.40, 25.80, 17.84, 0
472, 98070, 2.20, 13.90, 17.73, 0
474, 98051, 2.65, 10.80, 17.73, 0
475, 98032, 3.15, 14.60, 17.84, 0
477, 98014, 1.95, 24.70, 17.73, 0
478, 97997, 2.25, 9.90, 17.73, 0
480, 97980, 2.85, 13.40, 17.63, 0
481, 97964, 2.90, 14.80, 17.73, 0
483, 97945, 1.65, 7.30, 17.63, 0
484, 97927, 3.30, 23.30, 17.73, 0
486, 97910, 1.05, 22.50, 17.63, 0
488, 97877, 2.05, 42.10, 17.63, 0
491, 97844, 1.70, 46.70, 17.53, 0
494, 97812, 2.50, 40.90, 17.63, 0
495, 97804, 2.55, 27.50, 17.63, 0
495, 97797, 2.90, 14.90, 17.63, 0
496, 97790, 3.85, 17.60, 17.63, 0
499, 97756, 2.70, 7.30, 17.53, 0
502, 97723, 2.80, 3.00, 17.63, 0
504, 97690, 2.85, 10.60, 17.53, 0
506, 97666, 3.90, 17.40, 17.63, 0
508, 97643, 2.30, 358.90, 17.53, 0
510, 97620, 3.50, 29.20, 17.53, 0
512, 97607, 2.35, 14.90, 17.63, 0
513, 97594, 2.90, 21.70, 17.53, 0
514, 97582, 3.30, 16.30, 17.53, 0
515, 97563, 2.25, 27.20, 17.53, 0
517, 97544, 3.65, 14.60, 17.53, 0
518, 97526, 2.45, 11.20, 17.43, 0
521, 97498, 3.15, 25.90, 17.53, 0
523, 97471, 2.25, 26.80, 17.53, 0
525, 97444, 3.25, 15.00, 17.53, 0
528, 97416, 2.70, 355.80, 17.53, 0
530, 97389, 2.55, 25.30, 17.43, 0
532, 97362, 2.75, 7.40, 17.43, 0
533, 97351, 3.00, 15.90, 17.43, 0
534, 97340, 3.00, 19.10, 17.43, 0
535, 97330, 3.25, 14.20, 17.43, 0
537, 97307, 3.75, 10.10, 17.53, 0
539, 97285, 4.25, 22.40, 17.43, 0
541, 97264, 4.20, 7.00, 17.53, 0
543, 97243, 2.80, 21.40, 17.33, 0
544, 97222, 3.00, 22.40, 17.43, 0
546, 97202, 3.45, 20.90, 17.33, 0
548, 97182, 3.00, 15.20, 17.33, 0
550, 97162, 3.30, 5.10, 17.12, 0
551, 97142, 3.25, 31.30, 17.22, 0
553, 97118, 3.80, 355.70, 17.33, 0
555, 97095, 2.90, 35.40, 17.22, 0
557, 97072, 3.30, 18.90, 17.33, 0
564, 96992, 2.55, 7.90, 17.22, 0
566, 96972, 3.95, 22.50, 17.33, 0
568, 96952, 3.45, 14.40, 17.22, 0
570, 96927, 4.20, 8.40, 17.33, 0
572, 96903, 4.50, 4.30, 17.33, 0
574, 96880, 4.00, 5.70, 17.22, 0
575, 96864, 4.00, 20.70, 17.33, 0
577, 96848, 3.75, 3.90, 17.33, 0
578, 96832, 3.15, 9.50, 17.22, 0
580, 96807, 3.95, 6.70, 17.22, 0
582, 96783, 3.50, 8.60, 17.22, 0
584, 96760, 3.20, 10.20, 17.12, 0
586, 96739, 3.55, 13.20, 17.22, 0
588, 96718, 3.50, 12.70, 17.22, 0
589, 96698, 3.70, 13.80, 17.22, 0
591, 96677, 3.75, 13.90, 17.12, 0
593, 96657, 4.15, 5.40, 17.12, 0
595, 96638, 3.45, 15.00, 17.12, 0
597, 96605, 3.95, 9.20, 17.12, 0
600, 96572, 4.90, 7.60, 17.12, 0
603, 96540, 4.05, 358.90, 17.12, 0
604, 96528, 5.15, 9.90, 17.12, 0
605, 96517, 4.15, 5.20, 17.12, 0
606, 96506, 3.65, 15.20, 17.02, 0
606, 94583, 6.25, 352.50, 16.41, 0
608, 94564, 7.00, 349.10, 16.31, 0
610, 94546, 7.30, 352.40, 16.41, 0
612, 94522, 5.60, 354.70, 16.31, 0
614, 94499, 6.80, 350.00, 16.41, 0
616, 94476, 5.50, 346.50, 16.31, 0
618, 94451, 7.90, 352.00, 16.31, 0
620, 94427, 6.70, 353.50, 16.31, 0
622, 94404, 6.85, 344.90, 16.31, 0
624, 94386, 6.85, 349.20, 16.21, 0
625, 94368, 7.65, 353.10, 16.31, 0
627, 94350, 6.25, 352.40, 16.21, 0
629, 94323, 6.55, 346.90, 16.21, 0
632, 94297, 6.20, 357.50, 16.21, 0
634, 94272, 6.80, 341.40, 16.21, 0
636, 94243, 7.25, 4.40, 16.21, 0
639, 94214, 6.00, 338.00, 16.21, 0
641, 94186, 8.20, 3.80, 16.21, 0
643, 94166, 5.85, 343.00, 16.11, 0
645, 94147, 7.15, 356.90, 16.11, 0
647, 94128, 6.70, 349.50, 16.11, 0
648, 94109, 6.90, 352.20, 16.11, 0
650, 94091, 7.60, 357.30, 16.21, 0
651, 94074, 6.50, 344.30, 15.91, 0
653, 94050, 7.95, 357.20, 16.01, 0
656, 94026, 5.95, 349.70, 16.01, 0
658, 94002, 6.95, 353.30, 16.01, 0
659, 93982, 7.20, 352.30, 16.01, 0
661, 93962, 6.70, 0.60, 16.11, 0
663, 93942, 6.45, 344.80, 16.01, 0
665, 93921, 7.25, 2.10, 16.01, 0
667, 93901, 6.75, 349.30, 16.01, 0
668, 93882, 6.55, 350.00, 16.01, 0
670, 93858, 7.00, 2.00, 16.01, 0
672, 93835, 6.55, 350.50, 15.91, 0
675, 93812, 7.85, 355.70, 15.91, 0
677, 93786, 6.50, 350.40, 15.91, 0
679, 93761, 7.30, 358.00, 15.91, 0
681, 93736, 7.00, 343.90, 16.01, 0
683, 93714, 7.10, 0.80, 15.81, 0
685, 93693, 7.50, 351.00, 15.91, 0
687, 93672, 6.55, 347.70, 15.71, 0
689, 93645, 7.35, 358.60, 15.81, 0
692, 93619, 6.65, 344.70, 15.81, 0
694, 93594, 8.35, 0.80, 15.91, 0
695, 93578, 5.70, 342.80, 15.91, 0
697, 93563, 7.30, 354.90, 15.81, 0
698, 93548, 7.15, 347.30, 15.81, 0
701, 93516, 6.30, 356.30, 15.71, 0
703, 93485, 7.25, 353.10, 15.81, 0
706, 93454, 6.70, 347.60, 15.71, 0
709, 93428, 7.10, 357.20, 15.71, 0
711, 93403, 6.15, 354.00, 15.51, 0
713, 93378, 8.05, 357.30, 15.61, 0
714, 93368, 6.25, 343.80, 15.61, 0
715, 93358, 7.65, 358.30, 15.61, 0
716, 93348, 7.10, 352.50, 15.51, 0
718, 93318, 7.40, 351.60, 15.61, 0
721, 93289, 7.20, 358.90, 15.71, 0
724, 93260, 7.55, 340.70, 15.61, 0
724, 93249, 7.45, 9.00, 15.71, 0
725, 93238, 7.60, 336.40, 15.61, 0
726, 93228, 7.25, 1.40, 15.61, 0
729, 93196, 7.35, 352.90, 15.51, 0
732, 93167, 7.35, 354.00, 15.51, 0
734, 93138, 7.35, 344.80, 15.42, 0
737, 93114, 7.50, 356.90, 15.51, 0
739, 93089, 7.30, 349.50, 15.42, 0
741, 93064, 7.75, 345.50, 15.42, 0
742, 93055, 7.45, 1.20, 15.42, 0
743, 93046, 7.05, 337.90, 15.42, 0
743, 93038, 8.20, 4.20, 15.42, 0
745, 93015, 7.65, 341.80, 15.42, 0
747, 92992, 7.45, 354.40, 15.42, 0
749, 92970, 7.50, 346.70, 15.32, 0
751, 92946, 7.95, 349.70, 15.42, 0
753, 92924, 6.90, 355.00, 15.32, 0
755, 92902, 8.75, 342.50, 15.32, 0
757, 92885, 6.65, 6.20, 15.32, 0
758, 92868, 8.65, 336.90, 15.32, 0
760, 92852, 7.25, 2.00, 15.32, 0
762, 92828, 7.95, 345.90, 15.22, 0
764, 92804, 7.60, 351.70, 15.32, 0
766, 92780, 7.70, 352.10, 15.22, 0
768, 92760, 7.85, 342.50, 15.32, 0
770, 92742, 7.10, 0.70, 15.22, 0
771, 92724, 8.75, 349.70, 15.22, 0
773, 92700, 7.55, 354.40, 15.22, 0
776, 92676, 7.65, 347.70, 15.12, 0
778, 92652, 7.70, 2.90, 15.32, 0
780, 92629, 8.40, 339.00, 15.22, 0
782, 92606, 8.65, 357.40, 15.22, 0
784, 92584, 8.10, 350.90, 15.22, 0
785, 92566, 7.85, 353.60, 15.12, 0
787, 92549, 7.85, 354.60, 15.22, 0
789, 92532, 8.10, 342.90, 15.12, 0
789, 92521, 7.70, 2.80, 15.12, 0
790, 92510, 8.05, 339.00, 15.12, 0
791, 92500, 8.55, 4.70, 15.12, 0
794, 92471, 8.05, 340.60, 15.02, 0
797, 92442, 7.90, 359.80, 15.12, 0
799, 92414, 7.25, 346.30, 15.12, 0
801, 92395, 7.75, 353.10, 15.02, 0
802, 92377, 7.75, 353.90, 15.02, 0
804, 92360, 7.40, 345.40, 15.02, 0
806, 92340, 7.10, 341.00, 15.02, 0
807, 92330, 9.00, 3.40, 15.02, 0
809, 92305, 7.80, 336.70, 14.92, 0
811, 92281, 8.75, 359.00, 15.02, 0
813, 92258, 7.35, 347.80, 14.92, 0
815, 92240, 7.75, 350.50, 14.92, 0
816, 92223, 8.05, 345.60, 14.92, 0
818, 92206, 8.10, 350.20, 14.92, 0
819, 92187, 7.70, 353.00, 14.92, 0
821, 92168, 8.50, 341.60, 14.82, 0
823, 92150, 8.90, 358.30, 14.92, 0
827, 92103, 7.75, 350.80, 14.82, 0
829, 92080, 8.70, 350.00, 14.82, 0
831, 92058, 7.70, 353.30, 14.92, 0
833, 92037, 7.90, 347.50, 14.82, 0
835, 92016, 7.70, 346.70, 14.72, 0
837, 91990, 8.90, 349.40, 14.82, 0
840, 91964, 8.50, 343.20, 14.82, 0
842, 91938, 8.25, 344.80, 14.82, 0
843, 91924, 8.65, 347.20, 14.82, 0
844, 91910, 8.35, 352.60, 14.82, 0
846, 91896, 7.80, 342.00, 14.72, 0
848, 91870, 8.80, 348.30, 14.82, 0
850, 91846, 8.85, 345.70, 14.82, 0
852, 91822, 8.30, 346.10, 14.82, 0
854, 91800, 8.05, 347.40, 14.92, 0
856, 91778, 8.80, 336.70, 14.82, 0
858, 91756, 9.15, 353.50, 14.82, 0
860, 91740, 8.00, 339.00, 14.92, 0
861, 91724, 8.75, 343.20, 14.82, 0
863, 91708, 9.20, 340.80, 14.82, 0
865, 91682, 7.80, 347.80, 14.82, 0
867, 91656, 9.50, 340.50, 14.82, 0
870, 91630, 8.55, 343.60, 14.92, 0
871, 91610, 8.75, 347.40, 14.92, 0
873, 91591, 9.00, 338.30, 14.92, 0
875, 91572, 10.20, 348.70, 14.92, 0
877, 91553, 8.30, 339.00, 14.82, 0
878, 91534, 9.20, 345.60, 14.82, 0
880, 91516, 9.60, 340.90, 14.82, 0
882, 91497, 9.50, 340.40, 14.82, 0
883, 91478, 8.25, 348.80, 14.82, 0
885, 91460, 9.40, 340.20, 14.72, 0
888, 91431, 8.95, 343.70, 14.82, 0
890, 91402, 8.65, 337.30, 14.82, 0
893, 91374, 10.10, 347.00, 14.82, 0
894, 91359, 9.30, 338.10, 14.82, 0
895, 91344, 10.25, 345.40, 14.82, 0
897, 91330, 9.30, 337.40, 14.82, 0
898, 91314, 9.40, 342.80, 14.82, 0
899, 91299, 9.60, 340.40, 14.82, 0
901, 91284, 10.25, 341.00, 14.72, 0
903, 91262, 9.55, 345.50, 14.82, 0
905, 91240, 8.85, 338.30, 14.72, 0
907, 91218, 10.10, 344.30, 14.72, 0
909, 91195, 9.40, 339.50, 14.63, 0
911, 91173, 9.25, 346.10, 14.72, 0
913, 91152, 9.25, 342.90, 14.63, 0
915, 91132, 10.65, 341.10, 14.63, 0
916, 91113, 10.35, 345.10, 14.63, 0
918, 91094, 9.60, 345.40, 14.72, 0
920, 91071, 9.15, 338.90, 14.72, 0
922, 91048, 9.90, 342.40, 14.63, 0
924, 91026, 10.75, 343.60, 14.72, 0
927, 90998, 9.60, 342.60, 14.72, 0
929, 90971, 10.75, 346.20, 14.63, 0
932, 90944, 9.70, 342.90, 14.63, 0
932, 90937, 11.00, 339.00, 14.63, 0
933, 90930, 10.60, 345.80, 14.53, 0
934, 90924, 10.90, 344.90, 14.53, 0
936, 90900, 9.65, 345.00, 14.53, 0
938, 90877, 10.00, 339.30, 14.53, 0
940, 90854, 11.10, 343.20, 14.53, 0
942, 90830, 10.30, 342.60, 14.53, 0
944, 90806, 11.70, 344.90, 14.53, 0
946, 90782, 10.65, 335.20, 14.53, 0
947, 90773, 10.85, 339.00, 14.53, 0
948, 90764, 9.95, 339.70, 14.43, 0
949, 90756, 10.60, 344.90, 14.43, 0
951, 90731, 11.30, 338.20, 14.43, 0
953, 90706, 10.30, 341.00, 14.43, 0
956, 90682, 10.90, 346.20, 14.43, 0
957, 90661, 11.15, 338.70, 14.43, 0
959, 90640, 12.50, 344.70, 14.53, 0
961, 90620, 10.45, 336.00, 14.63, 0
962, 90610, 11.95, 341.80, 14.53, 0
963, 90601, 11.95, 41.00, 14.53, 0
964, 90592, 10.95, 342.10, 14.43, 0
965, 90572, 12.20, 337.80, 14.53, 0
967, 90553, 10.40, 341.20, 14.53, 0
969, 90534, 11.75, 337.60, 14.53, 0
970, 90518, 11.40, 337.10, 14.53, 0
972, 90503, 12.45, 343.50, 14.53, 0
973, 90488, 11.00, 336.90, 14.53, 0
976, 90455, 11.60, 341.20, 14.53, 0
979, 90423, 11.60, 41.00, 14.63, 0
982, 90392, 11.00, 336.80, 14.53, 0
983, 90385, 13.30, 343.10, 14.63, 0
983, 90378, 10.40, 332.70, 14.53, 0
984, 90372, 12.75, 341.90, 14.53, 0
986, 90349, 10.90, 337.60, 14.53, 0
988, 90326, 11.70, 337.80, 14.53, 0
990, 90304, 12.75, 340.80, 14.53, 0
991, 90294, 10.30, 339.20, 14.43, 0
992, 90285, 11.80, 340.00, 14.43, 0
993, 90276, 11.30, 340.20, 14.43, 0
995, 90251, 12.25, 340.10, 14.43, 0
997, 90227, 11.45, 335.80, 14.43, 0
999, 90204, 12.80, 341.60, 14.43, 0
1001, 90184, 11.55, 336.40, 14.43, 0
1003, 90165, 11.65, 339.00, 14.33, 0
1004, 90146, 12.00, 341.20, 14.43, 0
1006, 90124, 11.05, 337.30, 14.33, 0
1008, 90102, 12.80, 340.20, 14.33, 0
1010, 90080, 10.95, 339.50, 14.33, 0
1012, 90066, 11.95, 341.60, 14.33, 0
1013, 90053, 11.20, 336.30, 14.33, 0
1014, 90040, 12.95, 336.20, 14.23, 0
1016, 90022, 11.60, 342.40, 14.23, 0
1017, 90005, 10.65, 335.60, 14.23, 0
1019, 89988, 12.35, 337.30, 14.23, 0
1021, 89965, 11.65, 338.30, 14.23, 0
1023, 89943, 11.90, 339.60, 14.33, 0
1025, 89922, 11.05, 332.90, 14.23, 0
1027, 89902, 11.75, 343.20, 14.33, 0
1028, 89883, 11.10, 333.00, 14.23, 0
1030, 89864, 12.40, 339.90, 14.23, 0
1032, 89847, 11.40, 333.00, 14.23, 0
1033, 89830, 12.50, 342.40, 14.14, 0
1035, 89814, 11.90, 336.50, 14.14, 0
1037, 89787, 12.00, 334.70, 14.14, 0
1040, 89760, 11.80, 339.70, 14.23, 0
1042, 89734, 12.20, 330.60, 14.14, 0
1044, 89714, 11.25, 343.40, 14.14, 0
1046, 89694, 11.80, 332.30, 14.04, 0
1048, 89674, 11.65, 339.70, 14.14, 0
1049, 89656, 11.90, 330.90, 14.14, 0
1051, 89639, 11.80, 344.30, 14.23, 0
1052, 89622, 11.70, 331.90, 14.14, 0
1055, 89598, 11.30, 337.80, 14.23, 0
1057, 89575, 11.45, 334.20, 14.14, 0
1059, 89552, 12.00, 335.30, 14.14, 0
1060, 89536, 10.30, 328.10, 14.14, 0
1062, 89521, 11.60, 333.30, 14.14, 0
1063, 89506, 11.65, 334.70, 13.94, 0
1065, 89485, 11.45, 336.60, 13.94, 0
1067, 89464, 11.50, 332.70, 13.94, 0
1069, 89444, 12.50, 330.10, 13.94, 0
1075, 89381, 12.85, 329.30, 13.94, 0
1077, 89350, 11.25, 335.10, 13.94, 0
1078, 89339, 12.10, 335.70, 13.94, 0
1079, 89328, 12.30, 334.20, 13.94, 0
1080, 89318, 11.25, 333.50, 13.94, 0
1090, 89219, 11.55, 340.00, 13.85, 0
1092, 89188, 12.90, 332.10, 13.85, 0
1095, 89158, 11.85, 336.00, 13.85, 0
1096, 89144, 11.10, 334.30, 13.85, 0
1098, 89131, 11.50, 339.70, 13.75, 0
1099, 89118, 12.95, 334.50, 13.65, 0
1101, 89091, 12.65, 335.60, 13.75, 0
1104, 89065, 12.00, 334.80, 13.65, 0
1106, 89040, 12.65, 337.50, 13.75, 0
1107, 89025, 12.15, 339.50, 13.75, 0
1109, 89010, 13.60, 335.40, 13.75, 0
1110, 88996, 11.10, 334.70, 13.65, 0
1112, 88975, 15.00, 336.50, 13.65, 0
1114, 88955, 10.85, 334.90, 13.65, 0
1116, 88936, 14.50, 333.90, 13.65, 0
1118, 88916, 11.65, 331.90, 13.55, 0
1119, 88899, 12.90, 334.00, 13.55, 0
1121, 88882, 11.90, 337.00, 13.55, 0
1123, 88861, 13.05, 335.20, 13.46, 0
1125, 88836, 12.60, 336.10, 13.46, 0
1127, 88812, 12.85, 338.80, 13.46, 0
1129, 88792, 13.25, 333.40, 13.46, 0
1131, 88773, 11.30, 338.20, 13.46, 0
1133, 88754, 14.15, 335.70, 13.46, 0
1135, 88729, 11.45, 335.30, 13.46, 0
1137, 88704, 12.00, 333.90, 13.36, 0
1139, 88680, 12.55, 336.00, 13.36, 0
1141, 88662, 13.05, 335.70, 13.36, 0
1143, 88644, 12.00, 337.00, 13.36, 0
1144, 88626, 12.50, 335.20, 13.26, 0
1147, 88598, 12.75, 338.90, 13.36, 0
1149, 88571, 11.90, 332.70, 13.26, 0
1152, 88544, 12.25, 343.30, 13.26, 0
1154, 88526, 12.20, 335.30, 13.26, 0
1155, 88508, 13.60, 339.00, 13.17, 0
1157, 88490, 12.85, 332.90, 13.17, 0
1159, 88467, 12.60, 334.70, 13.17, 0
1161, 88444, 11.85, 335.00, 13.26, 0
1163, 88422, 13.45, 334.60, 13.17, 0
1166, 88398, 13.60, 337.50, 13.17, 0
1168, 88374, 11.25, 333.40, 13.17, 0
1170, 88350, 13.45, 337.60, 13.07, 0
1171, 88334, 13.45, 333.70, 13.07, 0
1173, 88320, 12.80, 337.80, 12.98, 0
1174, 88306, 13.45, 338.60, 13.07, 0
1176, 88281, 12.65, 331.60, 12.98, 0
1179, 88256, 13.20, 338.00, 12.98, 0
1181, 88232, 11.90, 337.80, 12.98, 0
1183, 88214, 13.50, 333.20, 12.98, 0
1184, 88197, 11.55, 340.20, 12.88, 0
1186, 88180, 13.25, 335.40, 12.88, 0
1188, 88156, 12.65, 338.90, 12.98, 0
1190, 88133, 13.25, 335.00, 12.88, 0
1192, 88110, 12.60, 339.10, 12.88, 0
1195, 88085, 12.25, 335.70, 12.88, 0
1197, 88061, 13.80, 336.60, 12.88, 0
1199, 88038, 12.30, 334.10, 12.78, 0
1201, 88018, 14.15, 335.20, 12.78, 0
1203, 88000, 12.55, 337.20, 12.78, 0
1204, 87982, 14.40, 336.10, 12.78, 0
1206, 87958, 12.55, 336.00, 12.78, 0
1209, 87934, 14.05, 334.10, 12.69, 0
1211, 87910, 13.00, 334.70, 12.78, 0
1214, 87875, 12.50, 340.00, 12.69, 0
1217, 87841, 14.15, 332.80, 12.69, 0
1221, 87808, 12.85, 341.00, 12.69, 0
1222, 87794, 14.75, 330.10, 12.69, 0
1223, 87780, 12.50, 338.50, 12.69, 0
1224, 87766, 14.00, 331.80, 12.69, 0
1226, 87747, 12.35, 339.10, 12.69, 0
1228, 87728, 14.35, 333.50, 12.69, 0
1230, 87710, 12.85, 335.60, 12.59, 0
1232, 87686, 14.15, 337.90, 12.69, 0
1234, 87662, 13.05, 333.10, 12.59, 0
1236, 87638, 12.80, 340.60, 12.59, 0
1238, 87619, 13.90, 330.10, 12.59, 0
1240, 87600, 13.85, 341.90, 12.50, 0
1242, 87582, 14.10, 330.90, 12.59, 0
1244, 87557, 12.85, 338.40, 12.50, 0
1246, 87532, 13.75, 338.20, 12.59, 0
1249, 87508, 13.50, 336.20, 12.59, 0
1251, 87477, 12.95, 332.90, 12.50, 0
1254, 87447, 13.55, 337.90, 12.50, 0
1257, 87418, 13.70, 338.70, 12.50, 0
1259, 87393, 13.95, 339.40, 12.50, 0
1262, 87368, 12.95, 334.00, 12.50, 0
1264, 87344, 14.70, 342.30, 12.50, 0
1272, 87258, 13.80, 339.60, 12.40, 0
1274, 87237, 12.95, 338.20, 12.40, 0
1276, 87216, 12.90, 337.10, 12.31, 0
1279, 87185, 13.30, 343.70, 12.31, 0
1282, 87156, 12.35, 338.90, 12.31, 0
1284, 87128, 13.00, 345.30, 12.31, 0
1286, 87111, 12.75, 335.00, 12.31, 0
1287, 87094, 11.60, 345.60, 12.31, 0
1289, 87078, 13.10, 339.90, 12.21, 0
1292, 87050, 12.80, 343.60, 12.21, 0
1294, 87022, 12.60, 336.40, 12.12, 0
1297, 86994, 12.75, 346.20, 12.21, 0
1299, 86968, 12.20, 339.30, 12.12, 0
1302, 86943, 13.60, 344.90, 12.12, 0
1304, 86918, 12.25, 336.10, 12.12, 0
1305, 86906, 13.10, 343.70, 12.12, 0
1306, 86895, 12.50, 344.30, 12.12, 0
1307, 86884, 12.60, 341.00, 12.12, 0
1310, 86856, 12.40, 342.90, 12.12, 0
1312, 86829, 13.70, 338.50, 12.02, 0
1315, 86802, 11.40, 346.50, 12.02, 0
1317, 86783, 14.40, 337.20, 12.02, 0
1318, 86764, 11.70, 346.70, 12.02, 0
1320, 86746, 13.05, 340.70, 11.93, 0
1322, 86723, 13.40, 340.10, 11.93, 0
1324, 86703, 12.20, 343.60, 11.93, 0
1326, 86684, 13.50, 339.60, 11.93, 0
1328, 86662, 11.90, 349.40, 11.93, 0
1330, 86638, 13.10, 337.50, 11.93, 0
1333, 86614, 12.05, 345.40, 11.93, 0
1336, 86581, 13.05, 340.50, 11.83, 0
1339, 86551, 13.60, 343.60, 11.74, 0
1341, 86522, 12.00, 344.60, 11.83, 0
1345, 86480, 12.65, 339.20, 11.93, 0
1346, 86469, 12.15, 346.40, 11.93, 0
1347, 86458, 13.55, 338.60, 11.93, 0
1348, 86448, 11.85, 342.40, 11.83, 0
1351, 86420, 13.90, 337.60, 11.83, 0
1354, 86393, 13.90, 41.00, 11.74, 0
1356, 86366, 12.95, 340.90, 11.74, 0
1360, 86328, 12.95, 341.50, 11.64, 0
1363, 86298, 12.35, 347.50, 11.64, 0
1365, 86268, 12.85, 341.10, 11.64, 0
1368, 86244, 12.10, 350.20, 11.64, 0
1371, 86214, 12.55, 341.70, 11.55, 0
1373, 86184, 12.65, 349.40, 11.64, 0
1376, 86160, 13.25, 342.60, 11.64, 0
1378, 86137, 12.90, 342.90, 11.64, 0
1380, 86114, 12.55, 337.80, 11.55, 0
1384, 86076, 12.30, 343.60, 11.45, 0
1385, 86058, 13.45, 346.60, 11.55, 0
1387, 86038, 12.80, 343.00, 11.55, 0
1389, 86019, 13.05, 345.90, 11.45, 0
1391, 86000, 12.85, 348.90, 11.45, 0
1393, 85982, 13.10, 340.90, 11.45, 0
1394, 85964, 12.55, 353.60, 11.45, 0
1396, 85946, 13.40, 335.70, 11.36, 0
1400, 85900, 12.40, 340.90, 11.45, 0
1402, 85878, 13.25, 350.60, 11.45, 0
1406, 85841, 13.10, 350.60, 11.45, 0
1408, 85824, 13.10, 343.10, 11.26, 0
1410, 85801, 13.65, 351.50, 11.36, 0
1412, 85776, 13.25, 346.50, 11.36, 0
1414, 85752, 13.65, 353.90, 11.36, 0
1417, 85721, 12.55, 341.60, 11.26, 0
1420, 85690, 12.90, 355.30, 11.26, 0
1423, 85660, 13.90, 348.40, 11.17, 0
1426, 85627, 14.95, 349.90, 11.26, 0
1429, 85596, 13.10, 346.20, 11.26, 0
1432, 85566, 14.65, 354.30, 11.26, 0
1435, 85535, 12.05, 348.10, 11.26, 0
1438, 85504, 13.70, 349.20, 11.26, 0
1441, 85474, 12.90, 347.40, 11.17, 0
1442, 85462, 15.50, 353.90, 11.26, 0
1443, 85450, 11.40, 344.50, 11.26, 0
1444, 85438, 14.65, 358.40, 11.26, 0
1446, 85421, 12.30, 347.40, 11.26, 0
1447, 85405, 14.05, 357.50, 11.26, 0
1449, 85390, 13.15, 354.50, 11.45, 0
1451, 85373, 12.75, 356.80, 11.64, 0
1452, 85356, 13.00, 357.40, 11.74, 0
1454, 85340, 14.15, 351.80, 11.74, 0
1457, 85305, 12.60, 0.30, 11.74, 0
1460, 85270, 14.80, 352.70, 11.83, 0
1464, 85236, 11.30, 2.00, 11.93, 0
1464, 85228, 14.05, 353.90, 11.93, 0
1465, 85221, 11.55, 1.40, 11.93, 0
1466, 85214, 13.25, 357.30, 11.93, 0
1468, 85193, 12.20, 0.40, 12.02, 0
1470, 85171, 12.90, 356.90, 11.93, 0
1472, 85150, 13.50, 359.10, 12.02, 0
1474, 85133, 12.15, 359.80, 11.93, 0
1475, 85118, 14.05, 356.30, 12.02, 0
1476, 85104, 11.25, 3.90, 12.02, 0
1478, 85087, 13.15, 358.40, 12.02, 0
1480, 85069, 13.15, 41.00, 12.12, 0
1481, 85052, 14.15, 356.90, 12.02, 0
1482, 85040, 11.85, 1.30, 12.02, 0
1484, 85029, 13.00, 0.40, 12.02, 0
1485, 85018, 12.55, 356.80, 12.02, 0
1487, 84991, 12.70, 5.70, 12.02, 0
1490, 84965, 13.80, 354.90, 12.12, 0
1492, 84940, 11.90, 6.00, 12.02, 0
1494, 84922, 12.95, 357.20, 12.02, 0
1496, 84904, 12.25, 3.30, 12.02, 0
1497, 84886, 12.90, 0.60, 12.02, 0
1499, 84869, 13.40, 0.30, 12.02, 0
1500, 84853, 11.35, 359.70, 12.02, 0
1502, 84838, 13.10, 1.90, 12.02, 0
1505, 84810, 13.55, 0.80, 11.93, 0
1506, 84796, 12.00, 2.90, 11.93, 0
1508, 84772, 13.30, 358.20, 11.93, 0
1510, 84749, 11.80, 2.60, 11.93, 0
1513, 84726, 13.15, 2.20, 11.93, 0
1514, 84710, 12.45, 2.90, 11.93, 0
1516, 84695, 12.00, 2.50, 11.83, 0
1517, 84680, 13.00, 0.60, 11.83, 0
1524, 84605, 13.00, 0.90, 11.83, 0
1526, 84586, 12.80, 0.20, 11.83, 0
1528, 84568, 13.10, 0.90, 11.83, 0
1529, 84551, 12.15, 4.70, 11.83, 0
1531, 84534, 13.65, 357.20, 11.83, 0
1533, 84518, 12.45, 5.30, 11.64, 0
1534, 84502, 13.70, 0.20, 11.74, 0
1535, 84489, 11.70, 5.30, 11.74, 0
1537, 84476, 14.00, 359.90, 11.74, 0
1539, 84454, 11.75, 2.30, 11.74, 0
1541, 84430, 13.20, 0.10, 11.64, 0
1543, 84406, 13.35, 3.00, 11.74, 0
1546, 84375, 11.85, 359.10, 11.64, 0
1549, 84344, 13.95, 4.00, 11.64, 0
1552, 84314, 10.85, 1.90, 11.64, 0
1553, 84305, 14.70, 6.30, 11.64, 0
1554, 84296, 10.70, 1.70, 11.55, 0
1555, 84288, 14.60, 5.30, 11.64, 0
1556, 84274, 11.85, 3.90, 11.55, 0
1558, 84260, 13.55, 5.70, 11.55, 0
1559, 84246, 12.65, 4.50, 11.64, 0
1560, 84235, 12.85, 2.10, 11.55, 0
1561, 84224, 12.75, 6.00, 11.55, 0
1562, 84214, 11.70, 2.80, 11.55, 0
1564, 84188, 14.70, 7.30, 11.64, 0
1567, 84163, 10.60, 357.70, 11.55, 0
1569, 84138, 15.45, 9.30, 11.55, 0
1570, 84128, 11.10, 358.80, 11.55, 0
1571, 84119, 14.95, 7.50, 11.55, 0
1572, 84110, 12.25, 3.00, 11.55, 0
1573, 84102, 13.75, 6.90, 11.55, 0
1573, 84095, 12.90, 5.60, 11.55, 0
1574, 84088, 12.60, 4.10, 11.55, 0
1576, 84073, 13.95, 12.10, 11.55, 0
1577, 84059, 12.00, 359.10, 11.55, 0
1578, 84046, 14.50, 15.40, 11.55, 0
1580, 84029, 12.10, 357.00, 11.55, 0
1581, 84012, 14.05, 10.00, 11.55, 0
1583, 83996, 12.65, 5.90, 11.45, 0
1585, 83972, 13.00, 6.50, 11.55, 0
1588, 83948, 13.00, 6.30, 11.55, 0
1590, 83924, 14.45, 5.50, 11.55, 0
1591, 83915, 12.20, 7.70, 11.55, 0
1592, 83906, 14.65, 4.80, 11.55, 0
1593, 83898, 12.75, 10.50, 11.45, 0
1594, 83881, 14.05, 6.10, 11.55, 0
1596, 83865, 13.90, 6.10, 11.64, 0
1597, 83850, 13.95, 9.20, 11.74, 0
1599, 83831, 14.05, 7.20, 11.64, 0
1601, 83812, 13.10, 4.50, 11.64, 0
1603, 83794, 15.05, 11.70, 11.64, 0
1603, 83786, 12.85, 0.70, 11.74, 0
1604, 83778, 14.80, 12.80, 11.74, 0
1605, 83770, 12.80, 2.20, 11.64, 0
1607, 83754, 14.65, 9.90, 11.64, 0
1608, 83739, 13.40, 4.60, 11.64, 0
1609, 83724, 14.00, 6.30, 11.74, 0
1611, 83712, 14.00, 10.50, 11.74, 0
1612, 83700, 13.65, 1.30, 11.64, 0
1613, 83688, 14.70, 15.30, 11.74, 0
1615, 83670, 13.20, 357.20, 11.64, 0
1616, 83653, 15.15, 15.40, 11.74, 0
1618, 83636, 13.60, 1.80, 11.64, 0
1620, 83617, 14.55, 10.10, 11.74, 0
1622, 83599, 13.95, 7.50, 11.64, 0
1623, 83582, 14.05, 6.20, 11.74, 0
1624, 83573, 14.15, 11.00, 11.74, 0
1625, 83564, 13.35, 0.30, 11.64, 0
1626, 83556, 15.25, 15.10, 11.74, 0
1627, 83544, 13.45, 359.50, 11.64, 0
1628, 83533, 15.00, 12.60, 11.64, 0
1629, 83522, 14.05, 7.00, 11.64, 0
1632, 83496, 14.15, 8.20, 11.64, 0
1634, 83470, 15.25, 9.90, 11.64, 0
1637, 83444, 13.45, 4.60, 11.64, 0
1637, 83441, 15.10, 12.70, 11.74, 0
1637, 83438, 14.30, 0.60, 11.64, 0
1637, 83436, 14.40, 11.50, 11.74, 0
1639, 83415, 14.25, 3.60, 11.64, 0
1641, 83395, 15.55, 8.80, 11.74, 0
1643, 83376, 15.05, 8.10, 11.74, 0
1645, 83355, 15.00, 5.80, 11.74, 0
1647, 83335, 14.40, 5.60, 11.64, 0
1649, 83316, 14.40, 6.90, 11.74, 0
1650, 83310, 14.05, 10.60, 11.74, 0
1650, 83304, 14.65, 3.00, 11.74, 0
1651, 83298, 14.10, 14.60, 11.64, 0
1653, 83279, 14.75, 0.20, 11.64, 0
1654, 83261, 13.85, 12.20, 11.64, 0
1656, 83244, 14.50, 3.80, 11.64, 0
1661, 83190, 13.30, 13.60, 11.64, 0
1663, 83177, 15.10, 0.70, 11.64, 0
1664, 83164, 13.35, 13.80, 11.55, 0
1667, 83136, 13.75, 11.00, 11.64, 0
1668, 83122, 14.45, 5.00, 11.55, 0
1670, 83103, 14.30, 5.60, 11.64, 0
1672, 83084, 13.75, 11.30, 11.55, 0
1674, 83066, 15.35, 2.40, 11.55, 0
1676, 83044, 12.75, 14.20, 11.55, 0
1678, 83023, 15.50, 1.20, 11.55, 0
1680, 83002, 13.35, 9.30, 11.55, 0
1680, 82995, 14.35, 5.40, 11.55, 0
1681, 82988, 14.20, 12.20, 11.55, 0
1682, 82982, 13.65, 1.20, 11.36, 0
1683, 82964, 14.75, 9.80, 11.45, 0
1685, 82947, 13.55, 5.70, 11.55, 0
1687, 82930, 14.20, 6.00, 11.55, 0
1689, 82907, 14.35, 7.70, 11.45, 0
1691, 82884, 14.60, 3.60, 11.45, 0
1694, 82862, 13.35, 10.40, 11.45, 0
1694, 82855, 14.50, 0.70, 11.45, 0
1695, 82848, 14.25, 11.00, 11.45, 0
1695, 82842, 13.85, 2.60, 11.36, 0
1698, 82818, 14.30, 4.50, 11.45, 0
1700, 82795, 13.65, 8.10, 11.45, 0
1702, 82772, 14.00, 359.60, 11.36, 0
1703, 82769, 14.15, 13.70, 11.45, 0
1703, 82767, 13.75, 355.50, 11.45, 0
1703, 82766, 14.50, 13.90, 11.45, 0
1704, 82751, 13.45, 359.50, 11.36, 0
1706, 82734, 14.30, 8.00, 11.45, 0
1708, 82718, 14.05, 5.30, 11.36, 0
1710, 82690, 14.00, 3.80, 11.45, 0
1713, 82664, 13.90, 8.50, 11.45, 0
1715, 82638, 13.80, 359.40, 11.45, 0
1716, 82635, 14.25, 14.30, 11.45, 0
1716, 82632, 13.45, 355.80, 11.36, 0
1716, 82630, 13.85, 15.70, 11.45, 0
1718, 82615, 13.00, 359.60, 11.36, 0
1719, 82600, 14.30, 8.60, 11.45, 0
1721, 82586, 13.70, 4.40, 11.36, 0
1723, 82565, 14.20, 5.20, 11.45, 0
1725, 82544, 13.85, 8.00, 11.45, 0
1727, 82524, 12.45, 1.20, 11.36, 0
1727, 82517, 14.40, 13.20, 11.45, 0
1728, 82510, 12.30, 356.30, 11.36, 0
1729, 82504, 14.85, 13.00, 11.45, 0
1730, 82488, 12.70, 0.70, 11.45, 0
1732, 82473, 13.80, 7.20, 11.36, 0
1733, 82458, 13.55, 5.90, 11.45, 0
1735, 82437, 12.75, 6.10, 11.45, 0
1737, 82416, 14.05, 6.10, 11.45, 0
1739, 82396, 12.80, 4.40, 11.45, 0
1741, 82377, 13.80, 8.20, 11.45, 0
1743, 82358, 12.05, 6.50, 11.36, 0
1745, 82340, 14.75, 5.30, 11.36, 0
1745, 82336, 12.60, 6.70, 11.36, 0
1746, 82332, 14.15, 5.90, 11.36, 0
1746, 82328, 13.10, 7.20, 11.45, 0
1748, 82312, 13.30, 9.40, 11.55, 0
1749, 82296, 14.45, 5.20, 11.55, 0
1751, 82280, 12.00, 10.50, 11.55, 0
1752, 82266, 15.10, 4.80, 11.55, 0
1753, 82252, 11.70, 13.20, 11.55, 0
1755, 82238, 13.45, 6.90, 11.55, 0
1756, 82222, 13.10, 8.10, 11.64, 0
1758, 82207, 13.70, 8.60, 11.64, 0
1759, 82192, 13.95, 4.90, 11.64, 0
1761, 82178, 13.70, 41.00, 11.64, 0
1762, 82165, 14.55, 4.00, 11.55, 0
1763, 82152, 13.55, 11.20, 11.64, 0
1765, 82139, 13.05, 5.60, 11.55, 0
1766, 82126, 13.75, 7.90, 11.64, 0
1767, 82114, 14.10, 5.50, 11.64, 0
1769, 82097, 12.45, 13.10, 11.64, 0
1770, 82080, 13.80, 4.40, 11.55, 0
1772, 82064, 13.80, 7.80, 11.45, 0
1774, 82041, 13.35, 10.90, 11.45, 0
1776, 82020, 12.80, 5.50, 11.36, 0
1778, 82000, 14.25, 11.60, 11.55, 0
1779, 81993, 12.75, 2.40, 11.64, 0
1779, 81987, 14.00, 16.40, 11.74, 0
1780, 81982, 13.30, 1.60, 11.64, 0
1782, 81965, 13.45, 13.90, 11.64, 0
1783, 81947, 13.65, 8.60, 11.64, 0
1785, 81930, 13.15, 7.30, 11.64, 0
1786, 81921, 13.50, 15.10, 11.64, 0
1787, 81912, 13.25, 4.70, 11.55, 0
1788, 81904, 14.30, 16.90, 11.64, 0
1794, 81845, 13.10, 9.80, 11.64, 0
1795, 81830, 13.90, 12.00, 11.64, 0
1796, 81816, 13.75, 8.90, 11.64, 0
1798, 81800, 13.55, 16.90, 11.64, 0
1800, 81784, 13.45, 4.40, 11.55, 0
1801, 81768, 13.85, 20.80, 11.74, 0
1802, 81755, 13.00, 5.10, 11.64, 0
1804, 81742, 13.90, 16.30, 11.64, 0
1805, 81730, 13.40, 10.60, 11.64, 0
1807, 81706, 13.20, 12.20, 11.64, 0
1810, 81683, 13.95, 16.30, 11.74, 0
1812, 81660, 13.00, 6.60, 11.64, 0
1813, 81651, 14.00, 21.30, 11.64, 0
1814, 81643, 12.95, 2.50, 11.55, 0
1814, 81636, 13.55, 20.90, 11.64, 0
1815, 81626, 13.10, 9.00, 11.55, 0
1816, 81616, 13.50, 16.20, 11.64, 0
1817, 81606, 13.15, 13.00, 11.55, 0
1819, 81584, 13.50, 41.00, 11.55, 0
1822, 81563, 13.15, 19.30, 11.55, 0
1824, 81542, 13.75, 4.90, 11.55, 0
1824, 81536, 13.20, 22.90, 11.55, 0
1825, 81530, 13.35, 3.00, 11.45, 0
1825, 81524, 13.40, 21.20, 11.55, 0
1827, 81511, 13.25, 8.50, 11.45, 0
1828, 81498, 13.40, 14.10, 11.45, 0
1829, 81486, 13.25, 13.70, 11.45, 0
1831, 81464, 12.95, 11.00, 11.45, 0
1833, 81443, 13.15, 19.20, 11.45, 0
1836, 81422, 12.90, 3.80, 11.45, 0
1836, 81415, 13.45, 22.40, 11.45, 0
1837, 81408, 13.00, 3.50, 11.36, 0
1838, 81402, 13.10, 17.40, 11.45, 0
1839, 81388, 13.30, 9.10, 11.36, 0
1840, 81375, 13.35, 15.80, 11.45, 0
1841, 81362, 13.00, 13.10, 11.36, 0
1844, 81339, 13.35, 9.70, 11.45, 0
1846, 81317, 13.35, 18.20, 11.45, 0
1848, 81296, 13.40, 3.70, 11.45, 0
1849, 81285, 13.20, 2.40, 11.36, 0
1850, 81280, 13.30, 21.30, 11.45, 0
1851, 81264, 13.05, 6.90, 11.36, 0
1853, 81248, 13.20, 13.00, 11.45, 0
1854, 81232, 13.00, 10.90, 11.45, 0
1859, 81187, 13.10, 15.00, 11.45, 0
1861, 81166, 13.75, 6.40, 11.45, 0
1862, 81156, 12.80, 20.80, 11.45, 0
1863, 81146, 14.35, 3.10, 11.36, 0
1864, 81136, 12.65, 22.30, 11.45, 0
1865, 81125, 13.50, 5.90, 11.36, 0
1866, 81114, 13.15, 14.20, 11.45, 0
1867, 81104, 13.30, 11.10, 11.36, 0
1869, 81085, 13.90, 10.20, 11.45, 0
1871, 81066, 12.95, 15.90, 11.36, 0
1873, 81048, 13.80, 7.90, 11.36, 0
1874, 81033, 12.15, 16.70, 11.36, 0
1876, 81018, 13.95, 10.20, 11.36, 0
1877, 81004, 12.40, 14.30, 11.36, 0
1879, 80984, 13.30, 10.20, 11.36, 0
1881, 80965, 13.20, 16.10, 11.26, 0
1883, 80946, 12.80, 9.90, 11.26, 0
1884, 80938, 13.60, 10.90, 11.26, 0
1884, 80931, 12.75, 14.10, 11.26, 0
1885, 80924, 13.05, 5.50, 11.26, 0
1887, 80900, 13.05, 20.00, 11.26, 0
1890, 80877, 13.10, 2.20, 11.17, 0
1892, 80854, 13.10, 20.10, 11.17, 0
1893, 80845, 13.15, 5.10, 11.26, 0
1894, 80837, 12.80, 14.80, 11.17, 0
1894, 80830, 13.20, 9.70, 11.17, 0
1896, 80810, 12.80, 41.00, 11.07, 0
1898, 80791, 13.10, 16.60, 11.17, 0
1900, 80772, 12.30, 2.40, 11.17, 0
1902, 80755, 13.60, 21.70, 11.17, 0
1904, 80738, 12.40, 0.50, 11.17, 0
1905, 80722, 13.15, 18.20, 11.17, 0
1907, 80708, 12.60, 7.40, 11.17, 0
1908, 80695, 12.60, 12.00, 11.07, 0
1909, 80682, 12.95, 13.40, 11.07, 0
1911, 80667, 12.40, 6.70, 11.07, 0
1912, 80652, 13.45, 17.30, 11.17, 0
1914, 80638, 12.30, 1.40, 10.98, 0
1916, 80615, 13.45, 21.00, 11.07, 0
1918, 80592, 11.90, 2.00, 11.07, 0
1921, 80570, 13.40, 15.90, 11.07, 0
1922, 80558, 11.95, 7.80, 11.07, 0
1923, 80547, 12.60, 11.90, 10.98, 0
1924, 80536, 12.40, 12.00, 10.98, 0
1932, 80452, 13.25, 18.70, 10.98, 0
1934, 80432, 11.90, 5.10, 10.98, 0
1936, 80412, 12.50, 19.50, 10.98, 0
1937, 80406, 12.45, 3.30, 10.89, 0
1938, 80400, 13.15, 16.00, 10.98, 0
1938, 80394, 12.20, 6.70, 10.89, 0
1941, 80362, 12.65, 13.60, 10.89, 0
1943, 80346, 12.45, 4.40, 10.89, 0
1945, 80324, 12.70, 17.10, 10.98, 0
1947, 80303, 11.75, 359.00, 10.79, 0
1949, 80282, 13.30, 17.40, 10.89, 0
1951, 80266, 11.80, 4.40, 10.79, 0
1953, 80250, 12.15, 12.00, 10.79, 0
1954, 80234, 12.35, 9.70, 10.79, 0
1956, 80219, 12.35, 5.90, 10.79, 0
1957, 80205, 12.15, 15.40, 10.79, 0
1958, 80192, 12.20, 0.10, 10.79, 0
1961, 80168, 12.70, 20.80, 10.79, 0
1963, 80145, 12.55, 358.70, 10.70, 0
1965, 80122, 12.50, 18.00, 10.70, 0
1967, 80110, 12.50, 6.70, 10.70, 0
1968, 80098, 12.35, 11.50, 10.70, 0
1969, 80086, 12.25, 10.60, 10.70, 0
1971, 80071, 12.65, 4.80, 10.61, 0
1972, 80057, 12.45, 16.00, 10.61, 0
1973, 80044, 13.15, 359.90, 10.61, 0
1976, 80020, 12.10, 24.10, 10.70, 0
1978, 79996, 12.80, 1.50, 10.61, 0
1981, 79972, 12.45, 15.60, 10.61, 0
1982, 79960, 12.65, 6.40, 10.61, 0
1983, 79949, 12.35, 9.90, 10.61, 0
1984, 79938, 12.65, 11.60, 10.61, 0
1985, 79923, 12.65, 2.90, 10.61, 0
1987, 79908, 12.60, 18.40, 10.61, 0
1988, 79894, 13.15, 0.40, 10.51, 0
1992, 79863, 11.90, 20.70, 10.61, 0
1995, 79833, 12.65, 3.00, 10.51, 0
1998, 79804, 12.40, 13.60, 10.51, 0
1998, 79795, 12.60, 7.10, 10.51, 0
1999, 79785, 12.65, 10.70, 10.51, 0
2000, 79776, 12.00, 10.60, 10.42, 0
2002, 79759, 13.45, 6.30, 10.51, 0
2004, 79743, 11.40, 16.30, 10.51, 0
2005, 79728, 13.85, 3.60, 10.51, 0
2008, 79700, 11.40, 13.60, 10.51, 0
2011, 79672, 13.70, 3.50, 10.51, 0
2014, 79644, 11.60, 9.90, 10.61, 0
2015, 79635, 12.70, 7.40, 10.51, 0
2015, 79626, 12.70, 8.30, 10.61, 0
2016, 79618, 12.85, 12.00, 10.51, 0
2018, 79600, 13.40, 6.40, 10.61, 0
2020, 79584, 12.35, 14.90, 10.51, 0
2021, 79568, 13.65, 8.70, 10.61, 0
2024, 79546, 12.00, 16.40, 10.51, 0
2026, 79523, 13.90, 7.20, 10.51, 0
2028, 79500, 11.45, 14.60, 10.51, 0
2031, 79477, 15.10, 4.20, 10.51, 0
2033, 79455, 11.50, 15.40, 10.51, 0
2035, 79434, 13.80, 8.20, 10.51, 0
2037, 79417, 12.30, 11.30, 10.51, 0
2038, 79400, 12.95, 9.70, 10.42, 0
2040, 79384, 13.90, 7.20, 10.51, 0
2042, 79366, 13.00, 12.20, 10.42, 0
2044, 79349, 14.80, 10.10, 10.51, 0
2045, 79332, 11.85, 14.00, 10.42, 0
2047, 79310, 15.00, 9.00, 10.51, 0
2050, 79289, 11.80, 13.20, 10.51, 0
2052, 79268, 13.15, 8.50, 10.51, 0
2053, 79251, 13.25, 6.30, 10.51, 0
2055, 79234, 13.25, 10.80, 10.42, 0
2057, 79218, 13.85, 6.90, 10.51, 0
2058, 79202, 12.80, 13.90, 10.42, 0
2060, 79187, 13.95, 12.90, 10.51, 0
2062, 79172, 12.95, 6.30, 10.42, 0
2064, 79143, 16.00, 10.80, 10.51, 0
2067, 79115, 10.60, 13.00, 10.42, 0
2070, 79088, 15.95, 12.00, 10.51, 0
2071, 79076, 11.80, 13.10, 10.42, 0
2072, 79065, 14.80, 11.40, 10.42, 0
2074, 79054, 12.90, 13.10, 10.42, 0
2075, 79041, 13.75, 13.20, 10.42, 0
2076, 79028, 13.75, 41.00, 10.42, 0
2077, 79016, 13.75, 12.60, 10.33, 0
2079, 78997, 15.65, 13.50, 10.42, 0
2081, 78979, 10.95, 13.40, 10.33, 0
2083, 78962, 16.50, 14.10, 10.33, 0
2085, 78937, 11.35, 13.40, 10.23, 0
2088, 78912, 15.90, 12.60, 10.33, 0
2090, 78888, 12.35, 12.30, 10.33, 0
2099, 78801, 14.10, 14.00, 10.33, 0
2101, 78779, 13.25, 13.30, 10.14, 0
2104, 78758, 15.75, 15.60, 10.23, 0
2106, 78733, 16.70, 16.80, 10.14, 0
2107, 78722, 11.55, 12.70, 10.14, 0
2109, 78707, 15.45, 16.30, 10.14, 0
2110, 78692, 12.95, 14.60, 10.14, 0
2112, 78678, 14.50, 16.00, 10.05, 0
2115, 78651, 14.35, 14.60, 10.14, 0
2117, 78624, 13.65, 13.20, 10.05, 0
2120, 78598, 16.05, 15.10, 10.14, 0
2121, 78584, 11.45, 10.70, 10.05, 0
2123, 78570, 17.10, 16.90, 10.05, 0
2124, 78556, 11.45, 10.90, 9.95, 0
2126, 78541, 16.30, 19.20, 9.95, 0
2127, 78527, 12.80, 12.40, 9.95, 0
2129, 78514, 15.05, 17.80, 9.86, 0
2131, 78491, 13.95, 13.70, 9.86, 0
2133, 78467, 14.35, 17.60, 9.86, 0
2136, 78444, 14.45, 17.70, 9.86, 0
2139, 78414, 16.00, 20.80, 9.86, 0
2140, 78400, 12.05, 7.90, 9.77, 0
2145, 78357, 12.15, 8.50, 9.77, 0
2147, 78336, 15.85, 20.00, 9.77, 0
2149, 78316, 13.40, 13.40, 9.67, 0
2151, 78297, 14.75, 16.00, 9.67, 0
2153, 78278, 14.55, 15.60, 9.77, 0
2154, 78264, 13.95, 14.20, 9.67, 0
2156, 78251, 14.80, 20.20, 9.67, 0
2157, 78238, 13.35, 12.30, 9.58, 0
2159, 78216, 15.50, 20.50, 9.58, 0
2161, 78194, 13.00, 8.70, 9.58, 0
2164, 78172, 15.00, 21.10, 9.58, 0
2166, 78152, 13.85, 14.70, 9.49, 0
2168, 78133, 14.50, 16.20, 9.49, 0
2170, 78114, 14.75, 18.70, 9.58, 0
2171, 78104, 13.20, 17.20, 9.49, 0
2172, 78095, 15.05, 19.10, 9.49, 0
2172, 78086, 14.60, 11.00, 9.49, 0
2174, 78066, 15.05, 21.90, 9.49, 0
2176, 78047, 14.45, 16.50, 9.40, 0
2178, 78028, 14.25, 18.70, 9.40, 0
2181, 78007, 15.05, 15.90, 9.49, 0
2183, 77986, 13.70, 16.70, 9.49, 0
2185, 77966, 15.55, 19.20, 9.49, 0
2188, 77937, 14.45, 14.50, 9.58, 0
2191, 77908, 15.25, 17.30, 9.49, 0
2194, 77880, 14.00, 15.60, 9.58, 0
2195, 77865, 14.50, 19.70, 9.58, 0
2197, 77851, 14.80, 16.80, 9.58, 0
2198, 77838, 15.95, 15.80, 9.49, 0
2200, 77821, 14.40, 17.50, 9.40, 0
2202, 77803, 15.15, 17.00, 9.49, 0
2203, 77786, 15.25, 14.20, 9.58, 0
2205, 77769, 14.20, 18.60, 9.49, 0
2207, 77753, 16.30, 15.30, 9.49, 0
2208, 77738, 13.45, 15.00, 9.49, 0
2211, 77709, 15.55, 16.90, 9.49, 0
2214, 77680, 14.35, 17.20, 9.40, 0
2217, 77652, 14.85, 12.80, 9.40, 0
2218, 77639, 15.40, 17.20, 9.49, 0
2220, 77627, 13.80, 12.80, 9.30, 0
2221, 77616, 15.10, 19.50, 9.40, 0
2223, 77593, 13.85, 13.30, 9.30, 0
2225, 77571, 15.75, 12.70, 9.40, 0
2228, 77550, 14.05, 18.80, 9.30, 0
2229, 77534, 14.70, 11.70, 9.30, 0
2231, 77519, 14.55, 14.80, 9.30, 0
2232, 77504, 15.00, 17.30, 9.30, 0
2235, 77482, 14.80, 11.40, 9.30, 0
2237, 77462, 14.30, 15.90, 9.12, 0
2239, 77442, 14.85, 15.70, 9.21, 0
2241, 77425, 14.10, 13.20, 9.21, 0
2242, 77408, 14.90, 11.40, 9.21, 0
2244, 77392, 14.10, 18.90, 9.21, 0
2246, 77373, 15.40, 9.70, 9.12, 0
2248, 77354, 14.65, 13.40, 9.21, 0
2250, 77336, 14.50, 13.90, 9.12, 0
2259, 77248, 14.85, 19.10, 9.12, 0
2262, 77221, 14.05, 5.80, 9.03, 0
2265, 77194, 14.75, 20.10, 9.03, 0
2265, 77185, 14.45, 10.00, 9.03, 0
2266, 77176, 14.50, 13.70, 9.03, 0
2267, 77168, 14.35, 16.30, 8.93, 0
2277, 77075, 14.70, 17.90, 8.93, 0
2279, 77052, 15.25, 11.40, 8.93, 0
2282, 77030, 13.80, 18.40, 8.93, 0
2283, 77020, 14.90, 13.90, 8.84, 0
2284, 77011, 14.25, 13.40, 8.84, 0
2284, 77002, 14.65, 18.10, 8.84, 0
2286, 76983, 15.70, 9.50, 8.75, 0
2288, 76965, 13.70, 20.10, 8.75, 0
2290, 76948, 13.75, 14.40, 8.75, 0
2292, 76926, 13.60, 16.70, 8.84, 0
2295, 76905, 13.60, 41.00, 8.75, 0
2297, 76884, 14.85, 16.30, 8.75, 0
2298, 76869, 13.45, 17.00, 8.75, 0
2300, 76855, 16.25, 13.30, 8.75, 0
2301, 76842, 15.25, 18.20, 8.75, 0
2303, 76820, 15.25, 15.60, 8.75, 0
2306, 76798, 13.90, 13.00, 8.66, 0
2308, 76776, 16.30, 14.20, 8.66, 0
2310, 76758, 14.00, 16.40, 8.66, 0
2312, 76741, 14.45, 14.80, 8.66, 0
2313, 76724, 15.85, 14.90, 8.57, 0
2315, 76703, 14.25, 21.10, 8.57, 0
2318, 76683, 15.25, 14.50, 8.66, 0
2320, 76664, 14.35, 16.70, 8.57, 0
2321, 76649, 14.85, 10.90, 8.57, 0
2323, 76634, 14.50, 20.00, 8.66, 0
2324, 76620, 15.45, 16.30, 8.66, 0
2326, 76598, 14.30, 13.40, 8.57, 0
2329, 76577, 15.30, 20.10, 8.57, 0
2331, 76556, 14.65, 13.90, 8.47, 0
2333, 76534, 15.35, 15.80, 8.57, 0
2336, 76512, 14.35, 15.60, 8.57, 0
2338, 76490, 15.25, 18.30, 8.57, 0
2340, 76469, 14.90, 15.20, 8.57, 0
2342, 76448, 14.15, 16.70, 8.57, 0
2344, 76428, 16.75, 17.40, 8.57, 0
2345, 76421, 12.30, 14.90, 8.38, 0
2346, 76415, 17.30, 19.00, 8.38, 0
2346, 76410, 13.10, 15.50, 8.38, 0
2348, 76396, 15.65, 17.20, 8.38, 0
2349, 76382, 14.35, 16.00, 8.38, 0
2351, 76368, 14.60, 16.60, 8.29, 0
2354, 76339, 15.45, 16.90, 8.38, 0
2357, 76310, 14.00, 14.50, 8.29, 0
2360, 76282, 17.05, 16.80, 8.38, 0
2360, 76276, 11.80, 17.30, 8.29, 0
2361, 76271, 11.80, 41.00, 8.38, 0
2361, 76266, 13.40, 17.50, 8.29, 0
2363, 76252, 15.70, 17.40, 8.29, 0
2364, 76239, 15.00, 17.60, 8.29, 0
2365, 76226, 14.45, 15.50, 8.20, 0
2369, 76193, 17.20, 18.40, 8.29, 0
2372, 76161, 12.45, 15.60, 8.20, 0
2375, 76130, 17.75, 18.40, 8.29, 0
2376, 76120, 12.55, 18.30, 8.20, 0
2377, 76111, 16.70, 16.00, 8.20, 0
2378, 76102, 14.45, 17.70, 8.20, 0
2379, 76096, 15.80, 16.30, 8.29, 0
2380, 76091, 15.35, 16.00, 8.29, 0
2380, 76086, 13.65, 14.90, 8.20, 0
2386, 76032, 12.35, 17.70, 8.20, 0
2389, 76006, 17.45, 15.60, 8.20, 0
2391, 75983, 16.10, 14.50, 8.11, 0
2392, 75972, 14.70, 16.40, 8.11, 0
2393, 75960, 14.60, 17.10, 8.11, 0
2394, 75949, 16.10, 15.30, 8.11, 0
2396, 75938, 13.30, 18.90, 8.02, 0
2398, 75919, 17.30, 16.20, 8.02, 0
2400, 75900, 12.80, 17.50, 8.02, 0
2402, 75882, 17.05, 15.70, 8.02, 0
2403, 75871, 14.00, 16.50, 8.02, 0
2404, 75860, 15.15, 15.60, 7.92, 0
2405, 75850, 15.60, 17.20, 8.02, 0
2407, 75834, 14.10, 18.20, 8.02, 0
2408, 75818, 15.80, 14.70, 8.02, 0
2410, 75802, 13.35, 18.60, 7.92, 0
2411, 75788, 17.10, 15.90, 7.92, 0
2413, 75775, 13.30, 17.30, 7.92, 0
2414, 75762, 16.35, 16.40, 7.92, 0
2416, 75741, 14.35, 16.50, 7.92, 0
2419, 75720, 14.55, 16.60, 7.83, 0
2421, 75700, 16.25, 15.70, 7.83, 0
2423, 75682, 13.45, 17.90, 7.83, 0
2424, 75665, 17.05, 15.10, 7.83, 0
2426, 75648, 12.40, 18.70, 7.83, 0
2426, 75646, 16.70, 14.50, 7.83, 0
2426, 75645, 13.80, 18.30, 7.83, 0
2427, 75644, 15.35, 15.50, 7.74, 0
2436, 75557, 12.40, 20.60, 7.74, 0
2438, 75535, 17.05, 13.70, 7.74, 0
2440, 75514, 13.00, 19.90, 7.74, 0
2443, 75489, 16.35, 14.80, 7.65, 0
2446, 75461, 12.50, 21.70, 7.65, 0
2449, 75434, 17.30, 14.50, 7.65, 0
2450, 75421, 12.30, 20.10, 7.65, 0
2451, 75409, 16.65, 15.10, 7.56, 0
2453, 75398, 13.40, 18.40, 7.56, 0
2453, 75391, 15.05, 18.40, 7.56, 0
2454, 75385, 14.45, 17.40, 7.56, 0
2454, 75380, 14.45, 16.10, 7.56, 0
2456, 75361, 16.30, 18.40, 7.56, 0
2458, 75342, 12.50, 11.60, 7.56, 0
2460, 75324, 17.25, 19.30, 7.56, 0
2462, 75307, 12.10, 12.90, 7.56, 0
2464, 75290, 16.70, 18.40, 7.56, 0
2466, 75274, 13.50, 12.60, 7.56, 0
2466, 75272, 15.35, 15.00, 7.56, 0
2466, 75271, 14.65, 14.80, 7.47, 0
2466, 75270, 14.75, 13.30, 7.56, 0
2467, 75257, 15.20, 17.00, 7.47, 0
2469, 75245, 14.05, 9.50, 7.47, 0
2470, 75234, 14.80, 21.60, 7.56, 0
2472, 75214, 13.00, 6.50, 7.47, 0
2474, 75194, 15.85, 21.60, 7.47, 0
2476, 75174, 13.85, 7.60, 7.38, 0
2477, 75164, 15.55, 17.20, 7.47, 0
2478, 75155, 14.50, 11.60, 7.47, 0
2479, 75146, 15.20, 13.80, 7.47, 0
2480, 75136, 14.60, 15.10, 7.47, 0
2481, 75126, 14.50, 11.00, 7.47, 0
2482, 75116, 14.95, 21.20, 7.47, 0
2484, 75096, 14.25, 5.30, 7.47, 0
2487, 75077, 15.10, 24.30, 7.47, 0
2489, 75058, 14.15, 5.10, 7.38, 0
2490, 75045, 14.70, 20.80, 7.38, 0
2491, 75032, 14.25, 10.50, 7.29, 0
2493, 75020, 14.75, 15.80, 7.38, 0
2493, 75013, 14.10, 13.40, 7.38, 0
2494, 75006, 14.45, 11.90, 7.38, 0
2495, 75000, 14.20, 18.80, 7.38, 0
2497, 74978, 14.25, 5.00, 7.38, 0
2499, 74957, 14.55, 22.10, 7.38, 0
2502, 74936, 14.65, 4.00, 7.29, 0
2503, 74924, 14.65, 20.80, 7.29, 0
2504, 74912, 14.85, 9.50, 7.29, 0
2505, 74900, 14.70, 15.50, 7.38, 0
2506, 74897, 14.80, 13.30, 7.29, 0
2506, 74895, 15.00, 9.50, 7.38, 0
2506, 74894, 14.80, 19.20, 7.38, 0
2508, 74873, 15.10, 3.30, 7.29, 0
2510, 74852, 15.10, 22.20, 7.38, 0
2513, 74832, 14.85, 4.30, 7.29, 0
2513, 74824, 15.05, 17.70, 7.38, 0
2514, 74817, 14.70, 9.20, 7.29, 0
2515, 74810, 14.90, 11.90, 7.29, 0
2516, 74795, 14.60, 11.50, 7.29, 0
2518, 74781, 14.55, 9.20, 7.29, 0
2519, 74768, 15.10, 14.70, 7.29, 0
2522, 74740, 14.20, 5.20, 7.29, 0
2525, 74712, 15.55, 17.40, 7.29, 0
2528, 74684, 14.00, 2.90, 7.29, 0
2529, 74680, 15.95, 19.40, 7.29, 0
2529, 74677, 13.90, 2.60, 7.19, 0
2529, 74674, 15.95, 17.70, 7.29, 0
2531, 74660, 14.05, 6.70, 7.19, 0
2532, 74648, 14.95, 12.70, 7.29, 0
2533, 74636, 15.05, 10.40, 7.19, 0
2536, 74615, 14.80, 8.50, 7.29, 0
2538, 74593, 15.55, 14.30, 7.29, 0
2540, 74572, 14.40, 2.40, 7.29, 0
2540, 74570, 16.00, 20.50, 7.29, 0
2541, 74569, 14.45, 1.10, 7.19, 0
2541, 74568, 15.85, 16.40, 7.29, 0
2542, 74553, 14.90, 5.60, 7.19, 0
2544, 74539, 15.30, 11.20, 7.29, 0
2545, 74526, 15.00, 9.30, 7.29, 0
2547, 74505, 15.05, 7.00, 7.29, 0
2550, 74484, 15.35, 14.50, 7.29, 0
2552, 74464, 15.25, 2.20, 7.19, 0
2552, 74459, 15.95, 16.30, 7.29, 0
2553, 74454, 15.40, 2.50, 7.19, 0
2553, 74450, 15.55, 15.60, 7.19, 0
2554, 74442, 15.10, 7.40, 7.19, 0
2555, 74434, 15.55, 9.90, 7.29, 0
2556, 74426, 15.20, 11.20, 7.29, 0
2562, 74364, 15.30, 18.00, 7.19, 0
2564, 74349, 15.35, 3.40, 7.19, 0
2566, 74334, 15.05, 12.90, 7.19, 0
2567, 74325, 15.25, 6.60, 7.10, 0
2568, 74316, 15.25, 9.60, 7.19, 0
2568, 74308, 15.00, 11.70, 7.19, 0
2570, 74290, 15.65, 5.50, 7.19, 0
2572, 74272, 14.95, 16.10, 7.19, 0
2574, 74254, 15.95, 2.10, 7.19, 0
2575, 74244, 14.55, 19.60, 7.19, 0
2576, 74235, 16.10, 2.30, 7.10, 0
2577, 74226, 15.00, 16.90, 7.19, 0
2585, 74155, 15.40, 9.80, 7.19, 0
2587, 74137, 15.15, 11.90, 7.19, 0
2589, 74120, 15.50, 4.50, 7.19, 0
2589, 74118, 15.70, 17.80, 7.19, 0
2589, 74116, 15.50, 359.80, 7.19, 0
2589, 74114, 15.85, 18.10, 7.19, 0
2591, 74098, 15.10, 2.60, 7.19, 0
2593, 74083, 15.60, 14.60, 7.19, 0
2594, 74068, 15.15, 5.30, 7.10, 0
2596, 74049, 15.90, 9.70, 7.29, 0
2598, 74030, 15.40, 9.90, 7.19, 0
2600, 74012, 15.95, 8.00, 7.29, 0
2607, 73949, 15.70, 1.70, 7.29, 0
2609, 73933, 15.80, 18.80, 7.38, 0
2610, 73918, 15.75, 360.00, 7.29, 0
2611, 73910, 16.20, 15.10, 7.29, 0
2612, 73903, 15.50, 5.20, 7.29, 0
2613, 73896, 16.00, 12.60, 7.38, 0
2614, 73886, 15.75, 7.80, 7.29, 0
2615, 73877, 16.20, 7.90, 7.38, 0
2616, 73868, 16.00, 11.20, 7.38, 0
2620, 73826, 16.50, 15.90, 7.47, 0
2622, 73806, 15.55, 2.00, 7.47, 0
2623, 73800, 16.05, 18.40, 7.47, 0
2624, 73794, 15.50, 359.80, 7.38, 0
2624, 73788, 16.60, 15.40, 7.47, 0
2626, 73775, 16.00, 3.20, 7.47, 0
2627, 73762, 16.65, 11.30, 7.56, 0
2628, 73750, 16.45, 8.60, 7.56, 0
2631, 73726, 16.30, 7.50, 7.65, 0
2633, 73703, 16.60, 11.50, 7.65, 0
2636, 73680, 15.45, 3.70, 7.65, 0
2636, 73676, 17.90, 15.30, 7.74, 0
2637, 73673, 15.00, 0.10, 7.74, 0
2637, 73670, 17.95, 15.90, 7.74, 0
2639, 73655, 15.60, 4.70, 7.74, 0
2640, 73640, 17.35, 11.20, 7.74, 0
2642, 73626, 16.60, 8.70, 7.74, 0
2644, 73602, 16.85, 8.00, 7.74, 0
2647, 73578, 16.85, 12.50, 7.74, 0
2649, 73554, 16.20, 3.90, 7.74, 0
2651, 73536, 16.45, 3.60, 7.65, 0
2653, 73519, 17.20, 13.00, 7.74, 0
2655, 73502, 17.00, 7.30, 7.65, 0
2657, 73480, 17.15, 9.30, 7.74, 0
2660, 73459, 17.15, 11.50, 7.74, 0
2662, 73438, 16.90, 4.90, 7.74, 0
2663, 73430, 17.55, 16.30, 7.74, 0
2664, 73422, 17.10, 0.60, 7.65, 0
2665, 73414, 18.10, 16.00, 7.74, 0
2666, 73400, 16.90, 2.20, 7.65, 0
2668, 73386, 17.55, 12.00, 7.74, 0
2669, 73372, 17.15, 6.30, 7.65, 0
2671, 73353, 17.50, 9.10, 7.74, 0
2673, 73334, 17.50, 9.20, 7.65, 0
2675, 73316, 17.65, 3.80, 7.74, 0
2676, 73308, 18.05, 13.70, 7.74, 0
2677, 73301, 17.60, 1.60, 7.65, 0
2677, 73294, 18.35, 13.50, 7.74, 0
2679, 73277, 16.85, 1.10, 7.74, 0
2681, 73260, 18.20, 12.00, 7.65, 0
2683, 73244, 17.60, 4.80, 7.65, 0
2684, 73231, 17.75, 8.40, 7.65, 0
2686, 73219, 17.75, 7.10, 7.65, 0
2687, 73208, 18.00, 5.80, 7.65, 0
2689, 73188, 17.95, 10.90, 7.65, 0
2691, 73168, 18.05, 3.80, 7.56, 0
2693, 73148, 18.05, 14.30, 7.65, 0
2700, 73082, 18.15, 14.40, 7.74, 0
2702, 73066, 18.25, 3.20, 7.65, 0
2704, 73050, 18.10, 9.60, 7.65, 0
2705, 73038, 18.05, 6.60, 7.56, 0
2707, 73026, 18.20, 7.90, 7.56, 0
2708, 73014, 17.80, 10.10, 7.56, 0
2710, 72991, 17.80, 3.40, 7.47, 0
2713, 72969, 19.20, 12.40, 7.47, 0
2715, 72948, 18.50, 1.20, 7.47, 0
2717, 72928, 18.65, 13.90, 7.47, 0
2719, 72909, 18.75, 3.40, 7.47, 0
2721, 72890, 18.85, 10.80, 7.47, 0
2723, 72875, 18.75, 7.70, 7.56, 0
2724, 72861, 18.35, 8.90, 7.56, 0
2726, 72848, 18.65, 11.30, 7.56, 0
2727, 72835, 17.45, 4.40, 7.56, 0
2728, 72823, 20.20, 12.00, 7.65, 0
2730, 72812, 16.45, 2.60, 7.47, 0
2732, 72788, 20.70, 14.50, 7.47, 0
2735, 72765, 17.35, 4.50, 7.56, 0
2737, 72742, 20.20, 10.60, 7.56, 0
2739, 72730, 18.85, 7.80, 7.56, 0
2740, 72719, 19.50, 9.70, 7.56, 0
2741, 72708, 19.70, 9.50, 7.65, 0
2743, 72689, 19.30, 6.90, 7.65, 0
2745, 72670, 19.65, 11.80, 7.74, 0
2747, 72652, 18.45, 7.70, 7.74, 0
2750, 72628, 20.80, 15.00, 7.83, 0
2752, 72605, 19.00, 359.80, 7.92, 0
2755, 72582, 21.15, 14.00, 8.02, 0
2756, 72570, 19.70, 1.70, 8.11, 0
2757, 72559, 20.65, 10.80, 8.11, 0
2759, 72548, 20.20, 4.90, 8.29, 0
2761, 72526, 20.50, 7.40, 8.38, 0
2763, 72505, 20.45, 6.10, 8.47, 0
2765, 72484, 20.80, 4.20, 8.57, 0
2768, 72459, 20.50, 41.00, 8.57, 0
2771, 72435, 21.40, 3.20, 8.66, 0
2773, 72412, 19.75, 11.20, 8.66, 0
2775, 72398, 22.05, 358.30, 8.66, 0
2776, 72384, 19.10, 11.90, 8.75, 0
2778, 72370, 21.35, 359.80, 8.66, 0
2781, 72343, 19.25, 8.20, 8.75, 0
2784, 72316, 20.95, 1.50, 8.75, 0
2787, 72290, 20.10, 4.70, 8.75, 0
2788, 72278, 20.35, 4.00, 8.66, 0
2789, 72266, 21.65, 4.80, 8.75, 0
2791, 72254, 20.20, 6.30, 8.66, 0
2794, 72222, 22.55, 4.30, 8.75, 0
2797, 72191, 17.60, 4.00, 8.66, 0
2801, 72160, 22.95, 5.30, 8.75, 0
2802, 72152, 18.95, 2.30, 8.75, 0
2803, 72145, 21.60, 3.70, 8.75, 0
2803, 72138, 20.45, 2.30, 8.75, 0
2807, 72104, 21.70, 6.00, 8.75, 0
2809, 72088, 18.35, 359.00, 8.66, 0
2811, 72066, 23.05, 7.50, 8.75, 0
2813, 72045, 18.70, 358.80, 8.66, 0
2816, 72024, 22.25, 7.30, 8.66, 0
2818, 72006, 19.55, 1.90, 8.66, 0
2820, 71988, 21.10, 2.50, 8.66, 0
2822, 71970, 20.65, 5.00, 8.75, 0
2824, 71951, 19.70, 0.20, 8.66, 0
2826, 71933, 21.85, 7.90, 8.66, 0
2828, 71916, 18.70, 357.40, 8.57, 0
2830, 71897, 21.80, 9.30, 8.66, 0
2832, 71879, 19.45, 359.50, 8.57, 0
2834, 71862, 21.15, 5.90, 8.57, 0
2836, 71840, 20.10, 2.90, 8.47, 0
2838, 71819, 20.45, 2.10, 8.47, 0
2841, 71798, 21.30, 7.60, 8.57, 0
2843, 71780, 19.60, 359.50, 8.47, 0
2844, 71763, 21.70, 10.90, 8.57, 0
2846, 71746, 19.05, 357.80, 8.38, 0
2848, 71728, 20.70, 8.60, 8.47, 0
2850, 71711, 19.90, 2.80, 8.38, 0
2852, 71694, 20.45, 5.10, 8.38, 0
2855, 71670, 20.45, 5.20, 8.47, 0
2857, 71646, 20.00, 2.90, 8.38, 0
2860, 71622, 20.60, 11.50, 8.38, 0
2866, 71568, 19.90, 358.60, 8.29, 0
2868, 71551, 20.80, 6.60, 8.29, 0
2870, 71534, 20.00, 3.30, 8.29, 0
2871, 71518, 20.40, 2.50, 8.29, 0
2874, 71495, 20.40, 8.10, 8.29, 0
2876, 71472, 20.00, 359.40, 8.29, 0
2879, 71450, 20.10, 11.10, 8.29, 0
2887, 71376, 19.95, 4.30, 8.20, 0
2889, 71358, 19.85, 5.60, 8.20, 0
2891, 71340, 20.45, 359.30, 8.11, 0
2895, 71308, 19.30, 10.30, 8.11, 0
2898, 71277, 20.80, 356.20, 8.11, 0
2902, 71246, 19.35, 10.20, 8.11, 0
2903, 71232, 20.15, 0.30, 8.11, 0
2904, 71219, 19.55, 5.00, 8.11, 0
2906, 71206, 19.55, 3.20, 8.02, 0
2908, 71190, 20.45, 1.00, 8.02, 0
2909, 71174, 19.00, 6.80, 8.02, 0
2911, 71158, 21.45, 359.10, 8.02, 0
2915, 71127, 18.05, 9.50, 8.02, 0
2918, 71097, 20.75, 359.70, 8.02, 0
2921, 71068, 19.50, 5.20, 8.02, 0
2923, 71054, 19.40, 1.50, 7.92, 0
2924, 71040, 20.45, 2.20, 7.92, 0
2926, 71026, 18.80, 4.70, 7.83, 0
2928, 71005, 21.50, 359.70, 7.92, 0
2930, 70984, 17.95, 6.60, 7.83, 0
2933, 70964, 21.90, 359.00, 7.92, 0
2936, 70938, 18.30, 6.70, 7.83, 0
2939, 70912, 20.50, 1.30, 7.83, 0
2941, 70886, 19.15, 4.00, 7.83, 0
2943, 70871, 19.70, 3.20, 7.74, 0
2945, 70857, 20.50, 1.40, 7.74, 0
2946, 70844, 19.10, 7.30, 7.74, 0
2949, 70822, 21.45, 0.10, 7.74, 0
2951, 70800, 17.55, 9.00, 7.74, 0
2953, 70778, 21.65, 359.10, 7.65, 0
2956, 70755, 18.55, 5.50, 7.65, 0
2958, 70733, 20.55, 1.00, 7.65, 0
2961, 70712, 18.85, 2.30, 7.65, 0
2962, 70697, 19.60, 3.20, 7.56, 0
2964, 70682, 20.40, 1.30, 7.65, 0
2966, 70668, 18.05, 5.60, 7.56, 0
2968, 70646, 21.55, 358.80, 7.56, 0
2970, 70625, 17.15, 7.40, 7.56, 0
2973, 70604, 21.95, 358.20, 7.56, 0
2976, 70579, 17.80, 5.00, 7.56, 0
2978, 70554, 20.90, 0.80, 7.47, 0
2981, 70530, 19.30, 4.20, 7.47, 0
2983, 70513, 19.45, 2.90, 7.38, 0
2985, 70496, 20.20, 1.60, 7.47, 0
2987, 70480, 18.75, 5.90, 7.38, 0
2989, 70461, 20.75, 357.40, 7.38, 0
2991, 70442, 17.75, 10.70, 7.38, 0
2993, 70424, 20.55, 356.80, 7.38, 0
2996, 70394, 17.90, 8.00, 7.38, 0
3000, 70364, 19.95, 0.10, 7.38, 0
3003, 70334, 18.45, 5.80, 7.38, 0
3004, 70323, 19.50, 2.10, 7.29, 0
3005, 70313, 19.25, 2.40, 7.29, 0
3006, 70304, 19.15, 7.00, 7.29, 0
3009, 70283, 20.00, 359.70, 7.29, 0
3011, 70262, 18.55, 9.20, 7.19, 0
3013, 70242, 20.25, 358.50, 7.19, 0
3016, 70215, 17.75, 10.80, 7.19, 0
3019, 70188, 20.25, 359.50, 7.19, 0
3022, 70162, 18.45, 6.70, 7.19, 0
3024, 70145, 19.60, 1.70, 7.10, 0
3026, 70129, 18.55, 4.70, 7.19, 0
3028, 70114, 18.75, 4.80, 7.10, 0
3030, 70095, 19.50, 0.50, 7.10, 0
3032, 70077, 17.90, 7.60, 7.10, 0
3034, 70060, 20.15, 359.60, 7.10, 0
3036, 70035, 17.15, 11.60, 7.10, 0
3039, 70010, 20.20, 358.70, 7.10, 0
3042, 69986, 17.30, 9.80, 7.10, 0
3044, 69969, 20.10, 1.10, 7.10, 0
3046, 69952, 18.05, 7.90, 7.10, 0
3048, 69936, 19.25, 2.90, 7.01, 0
3050, 69913, 18.45, 6.90, 7.10, 0
3053, 69891, 18.30, 6.20, 7.01, 0
3055, 69870, 20.05, 5.50, 7.01, 0
3057, 69850, 17.05, 3.80, 7.01, 0
3059, 69830, 21.70, 5.00, 7.10, 0
3062, 69810, 15.90, 3.80, 6.92, 0
3064, 69794, 21.35, 5.70, 7.01, 0
3065, 69778, 16.75, 4.30, 6.92, 0
3067, 69762, 19.80, 5.40, 6.92, 0
3070, 69737, 17.95, 4.50, 7.01, 0
3073, 69712, 18.65, 5.20, 6.92, 0
3075, 69688, 19.80, 6.30, 7.01, 0
3077, 69674, 17.35, 4.10, 6.83, 0
3078, 69661, 21.10, 8.40, 6.92, 0
3080, 69648, 15.80, 0.80, 6.83, 0
3082, 69629, 21.10, 8.20, 6.92, 0
3084, 69611, 16.60, 1.90, 6.83, 0
3086, 69594, 19.65, 6.80, 6.83, 0
3094, 69521, 17.95, 1.10, 6.74, 0
3096, 69503, 18.75, 11.60, 6.74, 0
3098, 69486, 17.70, 355.90, 6.65, 0
3106, 69416, 18.00, 4.30, 6.56, 0
3108, 69399, 18.30, 2.70, 6.56, 0
3110, 69382, 17.70, 10.90, 6.65, 0
3112, 69364, 18.40, 357.30, 6.56, 0
3114, 69346, 18.15, 13.60, 6.56, 0
3116, 69328, 18.15, 358.60, 6.56, 0
3118, 69312, 17.75, 8.00, 6.56, 0
3120, 69297, 18.00, 2.80, 6.47, 0
3121, 69282, 18.15, 4.00, 6.47, 0
3124, 69261, 17.50, 7.40, 6.56, 0
3126, 69240, 18.35, 359.00, 6.47, 0
3128, 69220, 17.15, 11.10, 6.47, 0
3130, 69203, 19.00, 356.40, 6.47, 0
3132, 69186, 17.50, 8.70, 6.47, 0
3134, 69170, 18.05, 1.50, 6.38, 0
3136, 69156, 17.75, 4.20, 6.38, 0
3137, 69143, 17.20, 5.10, 6.38, 0
3139, 69130, 19.10, 359.80, 6.38, 0
3142, 69103, 16.30, 7.40, 6.38, 0
3145, 69076, 19.55, 359.10, 6.38, 0
3148, 69050, 15.80, 7.40, 6.38, 0
3148, 69043, 19.05, 0.90, 6.38, 0
3149, 69036, 17.05, 4.70, 6.38, 0
3150, 69030, 17.95, 2.60, 6.29, 0
3154, 68994, 18.35, 3.80, 6.38, 0
3158, 68959, 17.05, 5.50, 6.29, 0
3162, 68924, 19.85, 5.50, 6.38, 0
3162, 68923, 15.00, 359.00, 6.29, 0
3162, 68922, 20.20, 6.40, 6.29, 0
3162, 68922, 16.00, 0.10, 6.29, 0
3164, 68909, 18.60, 4.20, 6.29, 0
3165, 68896, 17.45, 2.60, 6.29, 0
3166, 68884, 17.70, 1.70, 6.29, 0
3169, 68860, 18.60, 5.30, 6.38, 0
3172, 68836, 16.85, 356.40, 6.29, 0
3175, 68812, 19.20, 9.60, 6.38, 0
3176, 68799, 17.10, 355.10, 6.29, 0
3178, 68786, 19.05, 10.50, 6.29, 0
3179, 68774, 17.60, 359.40, 6.29, 0
3181, 68759, 18.50, 6.00, 6.29, 0
3182, 68744, 18.45, 3.20, 6.20, 0
3184, 68730, 18.75, 2.90, 6.29, 0
3186, 68709, 17.25, 5.80, 6.20, 0
3189, 68688, 19.75, 0.80, 6.29, 0
3191, 68668, 16.90, 9.70, 6.29, 0
3193, 68654, 20.05, 2.20, 6.29, 0
3194, 68640, 16.95, 8.80, 6.29, 0
3196, 68626, 19.80, 3.00, 6.29, 0
3198, 68607, 17.60, 5.70, 6.38, 0
3200, 68589, 18.55, 5.00, 6.29, 0
3202, 68572, 18.95, 5.60, 6.38, 0
3204, 68552, 20.60, 6.20, 6.38, 0
3205, 68542, 16.40, 6.80, 6.38, 0
3209, 68511, 16.70, 5.80, 6.38, 0
3211, 68496, 20.25, 7.70, 6.38, 0
3213, 68476, 18.40, 7.20, 6.47, 0
3215, 68457, 19.35, 6.70, 6.38, 0
3217, 68438, 18.95, 8.70, 6.47, 0
3218, 68431, 19.00, 5.00, 6.38, 0
3219, 68424, 19.85, 12.80, 6.47, 0
3220, 68418, 18.05, 359.20, 6.38, 0
3222, 68394, 19.80, 16.30, 6.38, 0
3225, 68371, 18.80, 1.80, 6.38, 0
3228, 68348, 19.75, 14.20, 6.38, 0
3229, 68339, 18.90, 5.40, 6.38, 0
3230, 68330, 19.05, 10.30, 6.38, 0
3231, 68322, 18.95, 8.10, 6.38, 0
3237, 68264, 18.20, 14.20, 6.38, 0
3240, 68240, 19.90, 0.20, 6.47, 0
3243, 68216, 18.15, 14.80, 6.47, 0
3243, 68210, 19.45, 4.10, 6.38, 0
3244, 68205, 18.85, 9.80, 6.38, 0
3245, 68200, 19.15, 6.80, 6.38, 0
3245, 68192, 19.45, 7.40, 6.38, 0
3246, 68185, 17.85, 10.50, 6.38, 0
3247, 68178, 20.35, 3.70, 6.47, 0
3250, 68154, 17.75, 14.80, 6.47, 0
3252, 68131, 20.60, 2.20, 6.47, 0
3255, 68108, 18.50, 13.40, 6.47, 0
3258, 68078, 19.35, 6.50, 6.38, 0
3259, 68071, 19.35, 12.10, 6.47, 0
3260, 68064, 19.10, 2.80, 6.47, 0
3262, 68051, 19.45, 14.70, 6.47, 0
3263, 68038, 18.65, 1.60, 6.47, 0
3265, 68026, 19.50, 13.00, 6.47, 0
3266, 68014, 18.85, 7.50, 6.47, 0
3267, 68002, 19.30, 8.40, 6.47, 0
3269, 67990, 19.20, 10.70, 6.56, 0
3270, 67979, 18.85, 4.10, 6.47, 0
3271, 67968, 19.60, 14.40, 6.47, 0
3272, 67958, 18.60, 0.40, 6.38, 0
3274, 67947, 19.60, 15.30, 6.47, 0
3275, 67936, 18.85, 5.50, 6.38, 0
3276, 67926, 19.25, 9.70, 6.38, 0
3278, 67910, 18.95, 9.60, 6.47, 0
3280, 67894, 18.95, 6.10, 6.38, 0
3282, 67878, 19.45, 15.50, 6.47, 0
3282, 67871, 18.75, 0.30, 6.38, 0
3283, 67865, 19.55, 17.60, 6.38, 0
3284, 67860, 18.80, 4.30, 6.38, 0
3285, 67849, 19.50, 12.80, 6.38, 0
3286, 67839, 19.05, 8.60, 6.29, 0
3287, 67830, 19.15, 8.60, 6.29, 0
3289, 67813, 18.65, 13.10, 6.38, 0
3291, 67796, 19.10, 7.30, 6.29, 0
3293, 67780, 18.85, 17.60, 6.29, 0
3294, 67772, 19.30, 2.70, 6.29, 0
3294, 67766, 18.80, 16.60, 6.29, 0
3295, 67760, 19.25, 7.30, 6.20, 0
3296, 67752, 19.25, 12.30, 6.29, 0
3297, 67744, 18.85, 10.90, 6.20, 0
3298, 67736, 19.30, 7.70, 6.20, 0
3300, 67718, 18.60, 14.90, 6.20, 0
3302, 67701, 19.85, 6.60, 6.29, 0
3304, 67684, 18.25, 16.80, 6.29, 0
3305, 67676, 19.80, 6.30, 6.20, 0
3306, 67669, 18.30, 13.30, 6.20, 0
3306, 67662, 19.40, 10.30, 6.20, 0
3307, 67656, 19.05, 9.70, 6.20, 0
3308, 67651, 18.65, 15.50, 6.20, 0
3308, 67646, 19.35, 6.90, 6.11, 0
3311, 67625, 18.90, 18.30, 6.20, 0
3313, 67604, 19.40, 4.20, 6.11, 0
3315, 67584, 19.00, 15.50, 6.20, 0
3316, 67583, 19.00, 10.30, 6.11, 0
3316, 67582, 19.05, 10.90, 6.11, 0
3316, 67582, 19.00, 13.50, 6.11, 0
3317, 67570, 18.90, 6.50, 6.11, 0
3318, 67559, 18.95, 17.40, 6.20, 0
3320, 67548, 18.70, 2.00, 6.11, 0
3321, 67534, 19.35, 18.90, 6.11, 0
3323, 67521, 19.05, 7.40, 6.11, 0
3324, 67508, 19.05, 14.50, 6.11, 0
3325, 67501, 18.95, 11.60, 6.11, 0
3326, 67494, 18.95, 10.40, 6.11, 0
3327, 67488, 19.05, 17.60, 6.11, 0
3328, 67477, 18.65, 5.80, 6.11, 0
3329, 67466, 19.75, 18.70, 6.11, 0
3330, 67456, 18.80, 4.70, 6.02, 0
3331, 67449, 19.35, 18.40, 6.11, 0
3332, 67443, 18.65, 8.70, 6.02, 0
3332, 67438, 19.00, 14.60, 6.02, 0
3333, 67428, 19.05, 12.90, 6.11, 0
3335, 67418, 19.20, 9.80, 6.02, 0
3336, 67408, 18.65, 16.70, 6.02, 0
3337, 67395, 19.15, 6.00, 6.02, 0
3339, 67382, 18.90, 17.10, 6.02, 0
3340, 67370, 19.50, 6.20, 6.02, 0
3342, 67355, 18.60, 17.20, 6.02, 0
3344, 67340, 19.30, 8.20, 5.93, 0
3345, 67326, 18.65, 14.90, 6.02, 0
3346, 67319, 19.25, 12.70, 5.93, 0
3347, 67313, 19.50, 11.60, 6.02, 0
3347, 67308, 17.95, 14.50, 5.93, 0
3350, 67284, 17.90, 16.60, 6.02, 0
3352, 67272, 20.45, 9.30, 5.93, 0
3354, 67254, 17.25, 17.10, 5.93, 0
3356, 67237, 20.15, 9.40, 5.93, 0
3358, 67220, 17.70, 16.10, 5.93, 0
3358, 67219, 19.40, 11.80, 5.93, 0
3358, 67218, 18.75, 14.30, 5.93, 0
3358, 67218, 18.45, 12.00, 5.93, 0
3359, 67205, 19.80, 12.50, 5.93, 0
3361, 67192, 17.35, 13.70, 5.84, 0
3362, 67180, 21.35, 12.90, 5.93, 0
3364, 67161, 16.15, 16.40, 5.84, 0
3366, 67143, 21.65, 12.40, 5.93, 0
3368, 67126, 16.80, 15.30, 5.93, 0
3372, 67091, 18.15, 14.40, 5.93, 0
3374, 67082, 18.60, 12.90, 5.84, 0
3375, 67074, 19.65, 16.70, 5.93, 0
3375, 67068, 17.25, 10.60, 5.84, 0
3376, 67062, 21.00, 19.70, 5.93, 0
3377, 67056, 16.65, 7.30, 5.84, 0
3378, 67043, 20.45, 20.40, 5.84, 0
3379, 67031, 17.20, 9.80, 5.75, 0
3381, 67020, 19.40, 18.90, 5.75, 0
3383, 67002, 18.85, 16.30, 5.75, 0
3384, 66994, 18.45, 16.20, 5.75, 0
3385, 66983, 18.60, 12.60, 5.66, 0
3386, 66972, 18.55, 18.60, 5.75, 0
3388, 66962, 18.55, 11.30, 5.66, 0
3390, 66939, 18.40, 22.80, 5.66, 0
3393, 66916, 18.95, 8.20, 5.66, 0
3395, 66894, 18.30, 24.20, 5.66, 0
3396, 66892, 19.20, 11.00, 5.57, 0
3396, 66890, 18.60, 20.70, 5.66, 0
3396, 66888, 18.75, 12.60, 5.57, 0
3398, 66871, 18.40, 17.70, 5.66, 0
3400, 66855, 17.85, 15.60, 5.57, 0
3402, 66840, 19.35, 14.70, 5.66, 0
3403, 66828, 17.75, 18.80, 5.57, 0
3404, 66817, 20.25, 13.60, 5.57, 0
3406, 66806, 16.85, 19.50, 5.57, 0
3408, 66788, 20.85, 13.00, 5.57, 0
3410, 66770, 16.25, 20.00, 5.57, 0
3412, 66752, 20.10, 13.20, 5.57, 0
3413, 66745, 17.55, 18.50, 5.57, 0
3413, 66739, 19.05, 14.60, 5.48, 0
3414, 66734, 18.30, 16.80, 5.57, 0
3416, 66718, 19.95, 17.40, 5.57, 0
3417, 66710, 16.45, 15.10, 5.48, 0
3419, 66687, 21.40, 17.40, 5.57, 0
3422, 66665, 15.35, 14.20, 5.48, 0
3425, 66644, 20.90, 17.40, 5.48, 0
3425, 66638, 16.60, 14.50, 5.48, 0
3426, 66633, 19.85, 17.10, 5.48, 0
3426, 66628, 17.25, 15.90, 5.48, 0
3427, 66620, 18.40, 16.40, 5.48, 0
3428, 66612, 18.60, 17.00, 5.57, 0
3429, 66604, 17.90, 14.30, 5.39, 0
3432, 66582, 19.70, 19.80, 5.48, 0
3434, 66561, 16.65, 8.70, 5.39, 0
3437, 66540, 20.05, 22.30, 5.48, 0
3437, 66534, 16.95, 9.90, 5.39, 0
3438, 66528, 19.45, 19.70, 5.39, 0
3439, 66522, 17.80, 15.10, 5.30, 0
3440, 66509, 18.70, 16.00, 5.30, 0
3442, 66496, 18.85, 17.70, 5.39, 0
3443, 66484, 17.70, 12.80, 5.30, 0
3445, 66467, 19.95, 20.40, 5.39, 0
3447, 66451, 16.80, 8.30, 5.30, 0
3449, 66436, 20.30, 21.00, 5.30, 0
3450, 66424, 17.70, 12.30, 5.30, 0
3452, 66412, 19.10, 16.30, 5.30, 0
3453, 66400, 18.80, 15.30, 5.39, 0
3454, 66391, 17.95, 13.40, 5.30, 0
3455, 66383, 20.25, 19.70, 5.30, 0
3456, 66376, 16.60, 8.20, 5.30, 0
3458, 66362, 20.85, 20.10, 5.30, 0
3459, 66348, 17.20, 12.60, 5.21, 0
3461, 66334, 19.80, 17.90, 5.21, 0
3463, 66317, 18.65, 15.80, 5.21, 0
3465, 66300, 18.85, 16.50, 5.21, 0
3467, 66284, 18.85, 17.90, 5.21, 0
3468, 66273, 18.00, 13.60, 5.21, 0
3469, 66262, 20.25, 20.30, 5.21, 0
3470, 66252, 17.30, 9.30, 5.12, 0
3472, 66236, 20.50, 22.10, 5.12, 0
3474, 66220, 17.65, 12.10, 5.12, 0
3476, 66204, 19.55, 19.10, 5.12, 0
3478, 66189, 18.30, 17.50, 5.12, 0
3479, 66175, 18.75, 17.20, 5.03, 0
3481, 66162, 18.70, 19.10, 5.03, 0
3483, 66147, 18.40, 13.00, 5.03, 0
3484, 66133, 19.15, 22.40, 5.03, 0
3486, 66120, 18.15, 7.80, 4.94, 0
3489, 66096, 19.45, 25.40, 5.03, 0
3492, 66072, 18.25, 10.20, 4.94, 0
3494, 66048, 19.10, 22.30, 4.94, 0
3495, 66044, 18.45, 16.20, 4.94, 0
3495, 66040, 18.75, 18.70, 4.94, 0
3496, 66036, 18.05, 18.30, 4.85, 0
3498, 66014, 19.30, 15.50, 4.94, 0
3501, 65993, 18.05, 22.00, 4.94, 0
3503, 65972, 20.35, 12.70, 4.94, 0
3510, 65918, 18.90, 17.50, 4.85, 0
3511, 65905, 18.70, 19.00, 4.85, 0
3513, 65892, 18.45, 17.70, 4.85, 0
3515, 65873, 19.45, 16.20, 4.85, 0
3517, 65854, 18.00, 19.00, 4.85, 0
3519, 65836, 20.35, 16.80, 4.85, 0
3522, 65810, 16.00, 21.50, 4.76, 0
3526, 65784, 21.50, 15.50, 4.85, 0
3529, 65758, 16.50, 21.60, 4.76, 0
3529, 65754, 20.25, 16.20, 4.76, 0
3529, 65751, 18.10, 21.10, 4.76, 0
3530, 65748, 19.05, 17.00, 4.67, 0
3531, 65734, 18.65, 17.70, 4.76, 0
3533, 65720, 18.35, 19.90, 4.67, 0
3535, 65706, 20.25, 17.00, 4.67, 0
3538, 65679, 17.55, 22.80, 4.58, 0
3541, 65653, 19.60, 16.20, 4.67, 0
3544, 65628, 17.70, 25.60, 4.67, 0
3545, 65622, 20.05, 13.80, 4.58, 0
3545, 65616, 18.05, 23.00, 4.58, 0
3546, 65610, 19.30, 16.90, 4.49, 0
3548, 65598, 18.70, 19.60, 4.49, 0
3549, 65586, 18.55, 19.60, 4.49, 0
3550, 65574, 19.35, 15.40, 4.49, 0
3554, 65545, 17.85, 23.90, 4.49, 0
3557, 65516, 20.25, 13.70, 4.49, 0
3561, 65488, 17.45, 22.80, 4.49, 0
3562, 65479, 19.65, 14.50, 4.40, 0
3563, 65470, 18.20, 21.70, 4.49, 0
3564, 65462, 19.15, 16.50, 4.40, 0
3565, 65446, 18.20, 41.00, 4.40, 0
3567, 65431, 18.25, 20.30, 4.31, 0
3569, 65416, 20.15, 16.10, 4.40, 0
3572, 65392, 16.95, 21.30, 4.31, 0
3575, 65369, 21.45, 14.80, 4.40, 0
3577, 65346, 17.05, 21.60, 4.40, 0
3578, 65339, 20.00, 17.60, 4.31, 0
3579, 65332, 18.05, 19.70, 4.31, 0
3580, 65326, 18.85, 17.40, 4.31, 0
3583, 65299, 19.75, 18.80, 4.31, 0
3586, 65273, 17.65, 20.60, 4.22, 0
3589, 65248, 20.85, 17.50, 4.22, 0
3591, 65231, 16.45, 21.60, 4.22, 0
3593, 65215, 21.35, 16.90, 4.22, 0
3595, 65200, 17.25, 20.50, 4.22, 0
3596, 65189, 19.40, 18.30, 4.13, 0
3597, 65178, 18.40, 20.00, 4.22, 0
3599, 65168, 18.45, 18.70, 4.13, 0
3602, 65139, 20.15, 18.30, 4.13, 0
3605, 65110, 17.60, 21.00, 4.04, 0
3609, 65082, 21.05, 19.20, 4.13, 0
3610, 65071, 15.90, 17.70, 4.04, 0
3611, 65060, 21.50, 19.40, 4.13, 0
3613, 65050, 16.95, 17.60, 4.04, 0
3614, 65040, 19.95, 20.00, 4.04, 0
3615, 65031, 18.20, 18.50, 4.04, 0
3616, 65022, 18.85, 20.00, 3.95, 0
3619, 64997, 19.30, 20.30, 4.04, 0
3622, 64972, 17.65, 18.90, 3.95, 0
3625, 64948, 20.80, 22.00, 4.04, 0
3626, 64933, 16.25, 15.60, 3.95, 0
3628, 64919, 21.20, 23.10, 3.95, 0
3630, 64906, 16.80, 15.70, 3.86, 0
3631, 64891, 20.15, 22.00, 3.86, 0
3633, 64876, 18.05, 17.80, 3.95, 0
3635, 64862, 18.90, 20.30, 3.86, 0
3638, 64841, 18.75, 19.80, 3.95, 0
3640, 64820, 18.40, 17.30, 3.86, 0
3642, 64800, 20.30, 22.80, 3.86, 0
3644, 64785, 17.30, 13.10, 3.86, 0
3646, 64770, 20.50, 25.20, 3.86, 0
3648, 64756, 17.35, 10.40, 3.78, 0
3650, 64735, 19.85, 24.40, 3.78, 0
3653, 64714, 18.40, 14.10, 3.78, 0
3655, 64694, 19.40, 21.10, 3.78, 0
3659, 64660, 18.95, 17.50, 3.69, 0
3661, 64644, 19.95, 21.30, 3.69, 0
3664, 64620, 20.60, 24.90, 3.69, 0
3665, 64608, 17.90, 10.20, 3.69, 0
3668, 64589, 20.05, 23.90, 3.69, 0
3670, 64571, 18.45, 14.30, 3.69, 0
3672, 64554, 19.30, 18.70, 3.60, 0
3674, 64533, 19.05, 18.20, 3.60, 0
3677, 64513, 19.00, 15.80, 3.60, 0
3679, 64494, 19.85, 22.60, 3.69, 0
3681, 64479, 18.45, 11.80, 3.60, 0
3683, 64464, 20.15, 24.20, 3.60, 0
3684, 64450, 18.15, 10.20, 3.51, 0
3693, 64375, 19.05, 17.60, 3.42, 0
3696, 64356, 19.15, 14.20, 3.42, 0
3698, 64338, 18.85, 22.80, 3.42, 0
3699, 64324, 19.55, 10.40, 3.42, 0
3701, 64311, 18.55, 25.50, 3.42, 0
3703, 64298, 19.55, 10.10, 3.33, 0
